year,season,date,watershed,block,plot,sppnum,cover,notes
2018,fall ,8/17/2018,N1A,A,1,999,1,litter
2018,fall ,8/17/2018,N1A,A,1,300,2,
2018,fall ,8/17/2018,N1A,A,1,211,2,
2018,fall ,8/17/2018,N1A,A,1,158,2,
2018,fall ,8/17/2018,N1A,A,1,143,32,
2018,fall ,8/17/2018,N1A,A,1,140,10,
2018,fall ,8/17/2018,N1A,A,1,127,40,
2018,fall ,8/17/2018,N1A,A,1,111,1,
2018,fall ,8/17/2018,N1A,A,1,86,6,
2018,fall ,8/17/2018,N1A,A,1,52,1,
2018,fall ,8/17/2018,N1A,A,1,43,1,
2018,fall ,8/17/2018,N1A,A,1,42,1,
2018,fall ,8/17/2018,N1A,A,1,21,1,
2018,fall ,8/17/2018,N1A,A,1,18,8,
2018,fall ,8/17/2018,N1A,A,1,11,2,
2018,fall ,8/17/2018,N1A,A,1,2,12,
2018,fall ,8/17/2018,N1A,A,1,0,3,bare ground
2018,fall ,8/17/2018,N1A,A,1,193,1,
2018,spring,5/31/2018,N1A,A,1,300,1,
2018,spring,5/31/2018,N1A,A,1,143,40,
2018,spring,5/31/2018,N1A,A,1,56,7,
2018,spring,5/31/2018,N1A,A,1,42,3,
2018,spring,5/31/2018,N1A,A,1,34,4,
2018,spring,5/31/2018,N1A,A,1,32,2,
2018,fall,8/17/2018,N1A,A,2,300,1,
2018,fall,8/17/2018,N1A,A,2,143,30,
2018,fall,8/17/2018,N1A,A,2,140,4,
2018,fall,8/17/2018,N1A,A,2,127,40,
2018,fall,8/17/2018,N1A,A,2,120,1,
2018,fall,8/17/2018,N1A,A,2,86,8,
2018,fall,8/17/2018,N1A,A,2,43,7,
2018,fall,8/17/2018,N1A,A,2,18,20,
2018,fall,8/17/2018,N1A,A,2,3,2,
2018,fall,8/17/2018,N1A,A,2,2,30,
2018,fall,8/17/2018,N1A,A,2,0,1,bare ground
2018,fall,8/17/2018,N1A,A,2,84,1,
2018,spring,5/31/2018,N1A,A,2,300,1,
2018,spring,5/31/2018,N1A,A,2,234,20,
2018,spring,5/31/2018,N1A,A,2,43,7,
2018,spring,5/31/2018,N1A,A,2,34,2,
2018,spring,5/31/2018,N1A,A,2,32,2,
2018,fall,8/17/2018,N1A,A,3,300,4,
2018,fall,8/17/2018,N1A,A,3,143,35,
2018,fall,8/17/2018,N1A,A,3,140,5,
2018,fall,8/17/2018,N1A,A,3,127,28,
2018,fall,8/17/2018,N1A,A,3,121,1,
2018,fall,8/17/2018,N1A,A,3,86,8,
2018,fall,8/17/2018,N1A,A,3,18,12,
2018,fall,8/17/2018,N1A,A,3,2,20,
2018,fall,8/17/2018,N1A,A,3,0,15,bare ground
2018,spring,5/31/2018,N1A,A,3,143,18,
2018,spring,5/31/2018,N1A,A,3,34,3,
2018,fall,8/17/2018,N1A,A,4,300,3,
2018,fall,8/17/2018,N1A,A,4,253,1,
2018,fall,8/17/2018,N1A,A,4,234,2,
2018,fall,8/17/2018,N1A,A,4,211,2,
2018,fall,8/17/2018,N1A,A,4,165,1,
2018,fall,8/17/2018,N1A,A,4,143,12,
2018,fall,8/17/2018,N1A,A,4,140,4,
2018,fall,8/17/2018,N1A,A,4,127,10,
2018,fall,8/17/2018,N1A,A,4,109,1,
2018,fall,8/17/2018,N1A,A,4,90,5,
2018,fall,8/17/2018,N1A,A,4,77,1,
2018,fall,8/17/2018,N1A,A,4,58,1,
2018,fall,8/17/2018,N1A,A,4,52,3,
2018,fall,8/17/2018,N1A,A,4,42,2,
2018,fall,8/17/2018,N1A,A,4,18,15,
2018,fall,8/17/2018,N1A,A,4,14,1,
2018,fall,8/17/2018,N1A,A,4,4,3,
2018,fall,8/17/2018,N1A,A,4,3,5,
2018,fall,8/17/2018,N1A,A,4,2,30,
2018,fall,8/17/2018,N1A,A,4,0,4,bare ground
2018,spring,5/31/2018,N1A,A,4,234,2,
2018,spring,5/31/2018,N1A,A,4,143,12,
2018,spring,5/31/2018,N1A,A,4,42,3,
2018,spring,5/31/2018,N1A,A,4,34,6,
2018,spring,5/31/2018,N1A,A,4,33,2,
2018,spring,5/31/2018,N1A,A,4,31,1,
2018,spring,5/31/2018,N1A,A,4,14,1,
2018,fall,8/17/2018,N1A,A,5,234,4,
2018,fall,8/17/2018,N1A,A,5,143,30,
2018,fall,8/17/2018,N1A,A,5,140,3,
2018,fall,8/17/2018,N1A,A,5,127,55,
2018,fall,8/17/2018,N1A,A,5,111,1,
2018,fall,8/17/2018,N1A,A,5,86,2,
2018,fall,8/17/2018,N1A,A,5,46,1,
2018,fall,8/17/2018,N1A,A,5,42,5,
2018,fall,8/17/2018,N1A,A,5,18,17,
2018,fall,8/17/2018,N1A,A,5,15,3,
2018,fall,8/17/2018,N1A,A,5,2,14,
2018,fall,8/17/2018,N1A,A,5,0,3,bare ground
2018,fall,8/17/2018,N1A,A,5,193,1,
2018,spring,5/31/2018,N1A,A,5,143,28,
2018,spring,5/31/2018,N1A,A,5,42,4,
2018,spring,5/31/2018,N1A,A,5,34,12,
2018,spring,5/31/2018,N1A,A,5,33,1,
2018,spring,5/31/2018,N1A,A,5,32,2,
2018,spring,5/31/2018,N1A,A,5,31,1,
2018,fall,8/17/2018,N1A,A,6,300,3,
2018,fall,8/17/2018,N1A,A,6,143,14,
2018,fall,8/17/2018,N1A,A,6,140,11,
2018,fall,8/17/2018,N1A,A,6,127,28,
2018,fall,8/17/2018,N1A,A,6,90,1,
2018,fall,8/17/2018,N1A,A,6,86,8,
2018,fall,8/17/2018,N1A,A,6,46,7,
2018,fall,8/17/2018,N1A,A,6,21,1,
2018,fall,8/17/2018,N1A,A,6,18,8,
2018,fall,8/17/2018,N1A,A,6,14,1,
2018,fall,8/17/2018,N1A,A,6,2,12,
2018,fall,8/17/2018,N1A,A,6,0,7,bare ground
2018,fall,8/17/2018,N1A,A,6,193,1,
2018,spring,5/31/2018,N1A,A,6,143,12,
2018,spring,5/31/2018,N1A,A,6,129,4,
2018,spring,5/31/2018,N1A,A,6,112,1,
2018,spring,5/31/2018,N1A,A,6,79,1,
2018,spring,5/31/2018,N1A,A,6,34,9,
2018,fall,8/17/2018,N1A,B,1,999,1,litter
2018,fall,8/17/2018,N1A,B,1,997,4,dung
2018,fall,8/17/2018,N1A,B,1,143,33,
2018,fall,8/17/2018,N1A,B,1,140,1,
2018,fall,8/17/2018,N1A,B,1,127,31,
2018,fall,8/17/2018,N1A,B,1,106,1,
2018,fall,8/17/2018,N1A,B,1,90,1,
2018,fall,8/17/2018,N1A,B,1,69,4,
2018,fall,8/17/2018,N1A,B,1,58,3,
2018,fall,8/17/2018,N1A,B,1,46,1,
2018,fall,8/17/2018,N1A,B,1,21,2,
2018,fall,8/17/2018,N1A,B,1,18,24,
2018,fall,8/17/2018,N1A,B,1,14,2,
2018,fall,8/17/2018,N1A,B,1,3,6,
2018,fall,8/17/2018,N1A,B,1,0,1,bare ground
2018,spring,5/31/2018,N1A,B,1,519,1,
2018,spring,5/31/2018,N1A,B,1,143,29,
2018,spring,5/31/2018,N1A,B,1,120,1,
2018,spring,5/31/2018,N1A,B,1,111,1,
2018,spring,5/31/2018,N1A,B,1,90,2,
2018,spring,5/31/2018,N1A,B,1,69,8,
2018,spring,5/31/2018,N1A,B,1,34,3,
2018,spring,5/31/2018,N1A,B,1,32,2,
2018,spring,5/31/2018,N1A,B,1,31,1,
2018,spring,5/31/2018,N1A,B,1,14,1,
2018,fall,8/17/2018,N1A,B,2,300,1,
2018,fall,8/17/2018,N1A,B,2,143,16,
2018,fall,8/17/2018,N1A,B,2,140,11,
2018,fall,8/17/2018,N1A,B,2,127,47,
2018,fall,8/17/2018,N1A,B,2,120,1,
2018,fall,8/17/2018,N1A,B,2,90,2,
2018,fall,8/17/2018,N1A,B,2,86,3,
2018,fall,8/17/2018,N1A,B,2,58,1,
2018,fall,8/17/2018,N1A,B,2,55,1,
2018,fall,8/17/2018,N1A,B,2,46,1,
2018,fall,8/17/2018,N1A,B,2,40,4,
2018,fall,8/17/2018,N1A,B,2,34,1,
2018,fall,8/17/2018,N1A,B,2,18,8,
2018,fall,8/17/2018,N1A,B,2,14,1,
2018,fall,8/17/2018,N1A,B,2,4,2,
2018,fall,8/17/2018,N1A,B,2,3,1,
2018,fall,8/17/2018,N1A,B,2,2,40,
2018,spring,5/31/2018,N1A,B,2,300,1,
2018,spring,5/31/2018,N1A,B,2,143,9,
2018,spring,5/31/2018,N1A,B,2,120,1,
2018,spring,5/31/2018,N1A,B,2,111,1,
2018,spring,5/31/2018,N1A,B,2,92,1,
2018,spring,5/31/2018,N1A,B,2,90,2,
2018,spring,5/31/2018,N1A,B,2,55,2,
2018,spring,5/31/2018,N1A,B,2,40,1,
2018,spring,5/31/2018,N1A,B,2,14,1,
2018,fall,8/17/2018,N1A,B,3,253,2,
2018,fall,8/17/2018,N1A,B,3,234,5,
2018,fall,8/17/2018,N1A,B,3,143,24,
2018,fall,8/17/2018,N1A,B,3,140,4,
2018,fall,8/17/2018,N1A,B,3,127,12,
2018,fall,8/17/2018,N1A,B,3,121,2,
2018,fall,8/17/2018,N1A,B,3,106,1,
2018,fall,8/17/2018,N1A,B,3,90,2,
2018,fall,8/17/2018,N1A,B,3,46,1,
2018,fall,8/17/2018,N1A,B,3,18,26,
2018,fall,8/17/2018,N1A,B,3,14,3,
2018,fall,8/17/2018,N1A,B,3,2,20,
2018,fall,8/17/2018,N1A,B,3,0,1,bare ground
2018,spring,5/31/2018,N1A,B,3,234,5,
2018,spring,5/31/2018,N1A,B,3,143,24,
2018,spring,5/31/2018,N1A,B,3,106,1,
2018,spring,5/31/2018,N1A,B,3,90,2,
2018,spring,5/31/2018,N1A,B,3,34,4,
2018,spring,5/31/2018,N1A,B,3,33,1,
2018,spring,5/31/2018,N1A,B,3,14,1,
2018,fall,8/17/2018,N1A,B,4,997,3,dung
2018,fall,8/17/2018,N1A,B,4,140,6,
2018,fall,8/17/2018,N1A,B,4,139,6,
2018,fall,8/17/2018,N1A,B,4,127,20,
2018,fall,8/17/2018,N1A,B,4,120,1,
2018,fall,8/17/2018,N1A,B,4,111,3,
2018,fall,8/17/2018,N1A,B,4,90,3,
2018,fall,8/17/2018,N1A,B,4,86,5,
2018,fall,8/17/2018,N1A,B,4,58,3,
2018,fall,8/17/2018,N1A,B,4,46,2,
2018,fall,8/17/2018,N1A,B,4,18,6,
2018,fall,8/17/2018,N1A,B,4,14,1,
2018,fall,8/17/2018,N1A,B,4,4,5,
2018,fall,8/17/2018,N1A,B,4,3,11,
2018,fall,8/17/2018,N1A,B,4,2,30,
2018,fall,8/17/2018,N1A,B,4,0,5,bare ground
2018,spring,5/31/2018,N1A,B,4,525,1,
2018,spring,5/31/2018,N1A,B,4,300,1,
2018,spring,5/31/2018,N1A,B,4,143,1,
2018,spring,5/31/2018,N1A,B,4,139,5,
2018,spring,5/31/2018,N1A,B,4,120,1,
2018,spring,5/31/2018,N1A,B,4,111,5,
2018,spring,5/31/2018,N1A,B,4,103,1,
2018,spring,5/31/2018,N1A,B,4,90,4,
2018,spring,5/31/2018,N1A,B,4,34,1,
2018,spring,5/31/2018,N1A,B,4,33,1,
2018,spring,5/31/2018,N1A,B,4,32,1,
2018,fall,8/17/2018,N1A,B,5,999,2,litter
2018,fall,8/17/2018,N1A,B,5,300,2,
2018,fall,8/17/2018,N1A,B,5,143,32,
2018,fall,8/17/2018,N1A,B,5,140,9,
2018,fall,8/17/2018,N1A,B,5,127,37,
2018,fall,8/17/2018,N1A,B,5,90,1,
2018,fall,8/17/2018,N1A,B,5,58,1,
2018,fall,8/17/2018,N1A,B,5,46,1,
2018,fall,8/17/2018,N1A,B,5,23,1,
2018,fall,8/17/2018,N1A,B,5,18,22,
2018,fall,8/17/2018,N1A,B,5,14,3,
2018,fall,8/17/2018,N1A,B,5,4,5,
2018,fall,8/17/2018,N1A,B,5,3,2,
2018,fall,8/17/2018,N1A,B,5,2,12,
2018,fall,8/17/2018,N1A,B,5,0,2,bare ground
2018,spring,5/31/2018,N1A,B,5,300,1,
2018,spring,5/31/2018,N1A,B,5,143,60,
2018,spring,5/31/2018,N1A,B,5,92,1,
2018,spring,5/31/2018,N1A,B,5,90,1,
2018,spring,5/31/2018,N1A,B,5,34,2,
2018,spring,5/31/2018,N1A,B,5,33,1,
2018,spring,5/31/2018,N1A,B,5,31,3,
2018,fall,8/17/2018,N1A,B,6,999,4,litter
2018,fall,8/17/2018,N1A,B,6,433,1,
2018,fall,8/17/2018,N1A,B,6,300,1,
2018,fall,8/17/2018,N1A,B,6,143,10,
2018,fall,8/17/2018,N1A,B,6,140,4,
2018,fall,8/17/2018,N1A,B,6,127,25,
2018,fall,8/17/2018,N1A,B,6,90,2,
2018,fall,8/17/2018,N1A,B,6,86,3,
2018,fall,8/17/2018,N1A,B,6,55,1,
2018,fall,8/17/2018,N1A,B,6,18,15,
2018,fall,8/17/2018,N1A,B,6,2,30,
2018,fall,8/17/2018,N1A,B,6,0,6,bare ground
2018,spring,5/31/2018,N1A,B,6,300,1,
2018,spring,5/31/2018,N1A,B,6,194,1,
2018,spring,5/31/2018,N1A,B,6,143,12,
2018,spring,5/31/2018,N1A,B,6,126,1,
2018,spring,5/31/2018,N1A,B,6,90,1,
2018,spring,5/31/2018,N1A,B,6,55,1,
2018,spring,5/31/2018,N1A,B,6,34,1,
2018,spring,5/31/2018,N1A,B,6,31,1,
2018,fall,8/17/2018,N1A,C,1,999,1,litter
2018,fall,8/17/2018,N1A,C,1,300,2,
2018,fall,8/17/2018,N1A,C,1,143,17,
2018,fall,8/17/2018,N1A,C,1,140,2,
2018,fall,8/17/2018,N1A,C,1,127,45,
2018,fall,8/17/2018,N1A,C,1,86,4,
2018,fall,8/17/2018,N1A,C,1,46,3,
2018,fall,8/17/2018,N1A,C,1,21,2,
2018,fall,8/17/2018,N1A,C,1,18,10,
2018,fall,8/17/2018,N1A,C,1,4,2,
2018,fall,8/17/2018,N1A,C,1,3,6,
2018,fall,8/17/2018,N1A,C,1,2,26,
2018,spring,5/31/2018,N1A,C,1,300,1,
2018,spring,5/31/2018,N1A,C,1,143,25,
2018,spring,5/31/2018,N1A,C,1,120,1,
2018,spring,5/31/2018,N1A,C,1,103,1,
2018,spring,5/31/2018,N1A,C,1,34,10,
2018,spring,5/31/2018,N1A,C,1,33,1,
2018,fall,8/17/2018,N1A,C,2,999,1,litter
2018,fall,8/17/2018,N1A,C,2,300,3,
2018,fall,8/17/2018,N1A,C,2,234,6,
2018,fall,8/17/2018,N1A,C,2,143,9,
2018,fall,8/17/2018,N1A,C,2,139,1,
2018,fall,8/17/2018,N1A,C,2,127,17,
2018,fall,8/17/2018,N1A,C,2,120,1,
2018,fall,8/17/2018,N1A,C,2,112,2,
2018,fall,8/17/2018,N1A,C,2,86,3,
2018,fall,8/17/2018,N1A,C,2,58,1,
2018,fall,8/17/2018,N1A,C,2,55,1,
2018,fall,8/17/2018,N1A,C,2,18,8,
2018,fall,8/17/2018,N1A,C,2,3,21,
2018,fall,8/17/2018,N1A,C,2,2,11,
2018,fall,8/17/2018,N1A,C,2,0,5,bare ground
2018,spring,5/31/2018,N1A,C,2,300,1,
2018,spring,5/31/2018,N1A,C,2,234,7,
2018,spring,5/31/2018,N1A,C,2,143,15,
2018,spring,5/31/2018,N1A,C,2,139,1,
2018,spring,5/31/2018,N1A,C,2,120,2,
2018,spring,5/31/2018,N1A,C,2,112,1,
2018,spring,5/31/2018,N1A,C,2,90,1,
2018,spring,5/31/2018,N1A,C,2,55,1,
2018,spring,5/31/2018,N1A,C,2,34,16,
2018,spring,5/31/2018,N1A,C,2,33,2,
2018,spring,5/31/2018,N1A,C,2,14,1,
2018,fall,8/17/2018,N1A,C,3,519,1,
2018,fall,8/17/2018,N1A,C,3,300,2,
2018,fall,8/17/2018,N1A,C,3,234,12,
2018,fall,8/17/2018,N1A,C,3,143,23,
2018,fall,8/17/2018,N1A,C,3,140,4,
2018,fall,8/17/2018,N1A,C,3,127,14,
2018,fall,8/17/2018,N1A,C,3,90,1,
2018,fall,8/17/2018,N1A,C,3,86,8,
2018,fall,8/17/2018,N1A,C,3,52,1,
2018,fall,8/17/2018,N1A,C,3,46,2,
2018,fall,8/17/2018,N1A,C,3,40,6,
2018,fall,8/17/2018,N1A,C,3,18,8,
2018,fall,8/17/2018,N1A,C,3,14,1,
2018,fall,8/17/2018,N1A,C,3,4,6,
2018,fall,8/17/2018,N1A,C,3,3,16,
2018,fall,8/17/2018,N1A,C,3,2,16,
2018,spring,5/31/2018,N1A,C,3,519,1,
2018,spring,5/31/2018,N1A,C,3,300,1,
2018,spring,5/31/2018,N1A,C,3,234,8,
2018,spring,5/31/2018,N1A,C,3,143,30,
2018,spring,5/31/2018,N1A,C,3,120,1,
2018,spring,5/31/2018,N1A,C,3,112,1,
2018,spring,5/31/2018,N1A,C,3,111,1,
2018,spring,5/31/2018,N1A,C,3,103,1,
2018,spring,5/31/2018,N1A,C,3,40,18,
2018,spring,5/31/2018,N1A,C,3,34,6,
2018,spring,5/31/2018,N1A,C,3,33,1,
2018,spring,5/31/2018,N1A,C,3,14,1,
2018,fall,8/17/2018,N1A,C,4,999,1,litter
2018,fall,8/17/2018,N1A,C,4,300,1,
2018,fall,8/17/2018,N1A,C,4,143,8,
2018,fall,8/17/2018,N1A,C,4,140,1,
2018,fall,8/17/2018,N1A,C,4,127,22,
2018,fall,8/17/2018,N1A,C,4,120,1,
2018,fall,8/17/2018,N1A,C,4,86,15,
2018,fall,8/17/2018,N1A,C,4,79,1,
2018,fall,8/17/2018,N1A,C,4,21,1,
2018,fall,8/17/2018,N1A,C,4,18,10,
2018,fall,8/17/2018,N1A,C,4,14,2,
2018,fall,8/17/2018,N1A,C,4,4,20,
2018,fall,8/17/2018,N1A,C,4,3,4,
2018,fall,8/17/2018,N1A,C,4,2,28,
2018,fall,8/17/2018,N1A,C,4,0,1,bare ground
2018,spring,5/31/2018,N1A,C,4,300,1,
2018,spring,5/31/2018,N1A,C,4,143,20,
2018,spring,5/31/2018,N1A,C,4,139,1,
2018,spring,5/31/2018,N1A,C,4,120,2,
2018,spring,5/31/2018,N1A,C,4,34,3,
2018,fall,8/17/2018,N1A,C,5,300,2,
2018,fall,8/17/2018,N1A,C,5,143,28,
2018,fall,8/17/2018,N1A,C,5,140,6,
2018,fall,8/17/2018,N1A,C,5,127,55,
2018,fall,8/17/2018,N1A,C,5,90,2,
2018,fall,8/17/2018,N1A,C,5,86,1,
2018,fall,8/17/2018,N1A,C,5,58,1,
2018,fall,8/17/2018,N1A,C,5,46,1,
2018,fall,8/17/2018,N1A,C,5,18,25,
2018,fall,8/17/2018,N1A,C,5,4,4,
2018,fall,8/17/2018,N1A,C,5,3,8,
2018,fall,8/17/2018,N1A,C,5,2,20,
2018,fall,8/17/2018,N1A,C,5,0,1,bare ground
2018,spring,5/31/2018,N1A,C,5,143,26,
2018,spring,5/31/2018,N1A,C,5,122,2,
2018,spring,5/31/2018,N1A,C,5,90,1,
2018,spring,5/31/2018,N1A,C,5,34,4,
2018,spring,5/31/2018,N1A,C,5,14,1,
2018,fall,8/17/2018,N1A,C,6,999,1,litter
2018,fall,8/17/2018,N1A,C,6,300,2,
2018,fall,8/17/2018,N1A,C,6,234,6,
2018,fall,8/17/2018,N1A,C,6,143,30,
2018,fall,8/17/2018,N1A,C,6,139,3,
2018,fall,8/17/2018,N1A,C,6,127,25,
2018,fall,8/17/2018,N1A,C,6,120,1,
2018,fall,8/17/2018,N1A,C,6,112,2,
2018,fall,8/17/2018,N1A,C,6,58,3,
2018,fall,8/17/2018,N1A,C,6,46,2,
2018,fall,8/17/2018,N1A,C,6,18,9,
2018,fall,8/17/2018,N1A,C,6,14,1,
2018,fall,8/17/2018,N1A,C,6,4,8,
2018,fall,8/17/2018,N1A,C,6,3,10,
2018,fall,8/17/2018,N1A,C,6,2,30,
2018,fall,8/17/2018,N1A,C,6,0,1,bare ground
2018,fall,8/17/2018,N1A,C,6,156,1,
2018,spring,5/31/2018,N1A,C,6,519,1,
2018,spring,5/31/2018,N1A,C,6,300,1,
2018,spring,5/31/2018,N1A,C,6,234,5,
2018,spring,5/31/2018,N1A,C,6,206,3,
2018,spring,5/31/2018,N1A,C,6,143,15,
2018,spring,5/31/2018,N1A,C,6,103,1,
2018,spring,5/31/2018,N1A,C,6,56,4,
2018,spring,5/31/2018,N1A,C,6,55,1,
2018,spring,5/31/2018,N1A,C,6,14,2,
2018,fall,8/17/2018,N1A,D,1,999,2,litter
2018,fall,8/17/2018,N1A,D,1,234,7,
2018,fall,8/17/2018,N1A,D,1,143,5,
2018,fall,8/17/2018,N1A,D,1,140,8,
2018,fall,8/17/2018,N1A,D,1,139,3,
2018,fall,8/17/2018,N1A,D,1,107,10,
2018,fall,8/17/2018,N1A,D,1,90,5,
2018,fall,8/17/2018,N1A,D,1,58,1,
2018,fall,8/17/2018,N1A,D,1,52,3,
2018,fall,8/17/2018,N1A,D,1,46,1,
2018,fall,8/17/2018,N1A,D,1,33,2,
2018,fall,8/17/2018,N1A,D,1,18,5,
2018,fall,8/17/2018,N1A,D,1,4,30,
2018,fall,8/17/2018,N1A,D,1,2,15,
2018,fall,8/17/2018,N1A,D,1,0,6,bare ground
2018,spring,5/31/2018,N1A,D,1,234,5,
2018,spring,5/31/2018,N1A,D,1,143,3,
2018,spring,5/31/2018,N1A,D,1,139,1,
2018,spring,5/31/2018,N1A,D,1,107,8,
2018,spring,5/31/2018,N1A,D,1,90,4,
2018,spring,5/31/2018,N1A,D,1,84,1,
2018,spring,5/31/2018,N1A,D,1,55,1,
2018,spring,5/31/2018,N1A,D,1,34,2,
2018,spring,5/31/2018,N1A,D,1,33,4,
2018,fall,8/17/2018,N1A,D,2,300,2,
2018,fall,8/17/2018,N1A,D,2,143,25,
2018,fall,8/17/2018,N1A,D,2,140,5,
2018,fall,8/17/2018,N1A,D,2,120,1,
2018,fall,8/17/2018,N1A,D,2,118,1,
2018,fall,8/17/2018,N1A,D,2,107,6,
2018,fall,8/17/2018,N1A,D,2,90,1,
2018,fall,8/17/2018,N1A,D,2,86,4,
2018,fall,8/17/2018,N1A,D,2,52,3,
2018,fall,8/17/2018,N1A,D,2,46,1,
2018,fall,8/17/2018,N1A,D,2,33,1,
2018,fall,8/17/2018,N1A,D,2,18,8,
2018,fall,8/17/2018,N1A,D,2,14,1,
2018,fall,8/17/2018,N1A,D,2,4,18,
2018,fall,8/17/2018,N1A,D,2,3,4,
2018,fall,8/17/2018,N1A,D,2,2,11,
2018,fall,8/17/2018,N1A,D,2,0,7,bare ground
2018,spring,5/31/2018,N1A,D,2,300,1,
2018,spring,5/31/2018,N1A,D,2,234,3,
2018,spring,5/31/2018,N1A,D,2,143,80,
2018,spring,5/31/2018,N1A,D,2,118,1,
2018,spring,5/31/2018,N1A,D,2,107,7,
2018,spring,5/31/2018,N1A,D,2,90,3,
2018,spring,5/31/2018,N1A,D,2,34,3,
2018,spring,5/31/2018,N1A,D,2,33,1,
2018,fall,8/17/2018,N1A,D,3,999,2,litter
2018,fall,8/17/2018,N1A,D,3,300,1,
2018,fall,8/17/2018,N1A,D,3,234,10,
2018,fall,8/17/2018,N1A,D,3,143,28,
2018,fall,8/17/2018,N1A,D,3,140,4,
2018,fall,8/17/2018,N1A,D,3,139,1,
2018,fall,8/17/2018,N1A,D,3,127,5,
2018,fall,8/17/2018,N1A,D,3,120,1,
2018,fall,8/17/2018,N1A,D,3,90,5,
2018,fall,8/17/2018,N1A,D,3,86,1,
2018,fall,8/17/2018,N1A,D,3,77,1,
2018,fall,8/17/2018,N1A,D,3,58,1,
2018,fall,8/17/2018,N1A,D,3,46,1,
2018,fall,8/17/2018,N1A,D,3,21,2,
2018,fall,8/17/2018,N1A,D,3,18,5,
2018,fall,8/17/2018,N1A,D,3,14,1,
2018,fall,8/17/2018,N1A,D,3,4,18,
2018,fall,8/17/2018,N1A,D,3,3,8,
2018,fall,8/17/2018,N1A,D,3,2,7,
2018,fall,8/17/2018,N1A,D,3,0,6,bare ground
2018,spring,5/31/2018,N1A,D,3,300,1,
2018,spring,5/31/2018,N1A,D,3,234,8,
2018,spring,5/31/2018,N1A,D,3,143,40,
2018,spring,5/31/2018,N1A,D,3,139,1,
2018,spring,5/31/2018,N1A,D,3,120,1,
2018,spring,5/31/2018,N1A,D,3,90,5,
2018,spring,5/31/2018,N1A,D,3,56,6,
2018,spring,5/31/2018,N1A,D,3,34,1,
2018,spring,5/31/2018,N1A,D,3,33,2,
2018,spring,5/31/2018,N1A,D,3,31,1,
2018,spring,5/31/2018,N1A,D,3,14,2,
2018,fall,8/17/2018,N1A,D,4,999,1,litter
2018,fall,8/17/2018,N1A,D,4,300,2,
2018,fall,8/17/2018,N1A,D,4,234,18,
2018,fall,8/17/2018,N1A,D,4,231,1,
2018,fall,8/17/2018,N1A,D,4,218,1,
2018,fall,8/17/2018,N1A,D,4,194,2,
2018,fall,8/17/2018,N1A,D,4,143,4,
2018,fall,8/17/2018,N1A,D,4,140,7,
2018,fall,8/17/2018,N1A,D,4,139,2,
2018,fall,8/17/2018,N1A,D,4,127,13,
2018,fall,8/17/2018,N1A,D,4,106,1,
2018,fall,8/17/2018,N1A,D,4,90,1,
2018,fall,8/17/2018,N1A,D,4,58,2,
2018,fall,8/17/2018,N1A,D,4,46,3,
2018,fall,8/17/2018,N1A,D,4,33,1,
2018,fall,8/17/2018,N1A,D,4,21,5,
2018,fall,8/17/2018,N1A,D,4,18,16,
2018,fall,8/17/2018,N1A,D,4,15,1,
2018,fall,8/17/2018,N1A,D,4,14,2,
2018,fall,8/17/2018,N1A,D,4,2,18,
2018,fall,8/17/2018,N1A,D,4,0,6,bare ground
2018,spring,5/31/2018,N1A,D,4,519,6,
2018,spring,5/31/2018,N1A,D,4,300,1,
2018,spring,5/31/2018,N1A,D,4,231,4,
2018,spring,5/31/2018,N1A,D,4,206,1,
2018,spring,5/31/2018,N1A,D,4,194,4,
2018,spring,5/31/2018,N1A,D,4,143,3,
2018,spring,5/31/2018,N1A,D,4,139,3,
2018,spring,5/31/2018,N1A,D,4,106,6,
2018,spring,5/31/2018,N1A,D,4,103,2,
2018,spring,5/31/2018,N1A,D,4,90,2,
2018,spring,5/31/2018,N1A,D,4,33,1,
2018,spring,5/31/2018,N1A,D,4,14,2,
2018,fall,8/17/2018,N1A,D,5,999,1,litter
2018,fall,8/17/2018,N1A,D,5,140,3,
2018,fall,8/17/2018,N1A,D,5,139,1,
2018,fall,8/17/2018,N1A,D,5,127,23,
2018,fall,8/17/2018,N1A,D,5,90,4,
2018,fall,8/17/2018,N1A,D,5,69,1,
2018,fall,8/17/2018,N1A,D,5,58,1,
2018,fall,8/17/2018,N1A,D,5,52,4,
2018,fall,8/17/2018,N1A,D,5,46,1,
2018,fall,8/17/2018,N1A,D,5,18,9,
2018,fall,8/17/2018,N1A,D,5,4,30,
2018,fall,8/17/2018,N1A,D,5,3,22,
2018,fall,8/17/2018,N1A,D,5,2,12,
2018,fall,8/17/2018,N1A,D,5,0,1,bare ground
2018,spring,5/31/2018,N1A,D,5,519,1,
2018,spring,5/31/2018,N1A,D,5,143,3,
2018,spring,5/31/2018,N1A,D,5,139,1,
2018,spring,5/31/2018,N1A,D,5,77,1,
2018,spring,5/31/2018,N1A,D,5,69,3,
2018,spring,5/31/2018,N1A,D,5,33,5,
2018,spring,5/31/2018,N1A,D,5,14,2,
2018,fall,8/17/2018,N1A,D,6,999,1,litter
2018,fall,8/17/2018,N1A,D,6,300,3,
2018,fall,8/17/2018,N1A,D,6,234,8,
2018,fall,8/17/2018,N1A,D,6,143,30,
2018,fall,8/17/2018,N1A,D,6,140,6,
2018,fall,8/17/2018,N1A,D,6,130,2,
2018,fall,8/17/2018,N1A,D,6,127,5,
2018,fall,8/17/2018,N1A,D,6,120,1,
2018,fall,8/17/2018,N1A,D,6,111,2,
2018,fall,8/17/2018,N1A,D,6,90,4,
2018,fall,8/17/2018,N1A,D,6,86,1,
2018,fall,8/17/2018,N1A,D,6,58,4,
2018,fall,8/17/2018,N1A,D,6,52,2,
2018,fall,8/17/2018,N1A,D,6,46,4,
2018,fall,8/17/2018,N1A,D,6,18,6,
2018,fall,8/17/2018,N1A,D,6,14,1,
2018,fall,8/17/2018,N1A,D,6,4,35,
2018,fall,8/17/2018,N1A,D,6,3,2,
2018,fall,8/17/2018,N1A,D,6,2,13,
2018,fall,8/17/2018,N1A,D,6,0,2,bare ground
2018,spring,5/31/2018,N1A,D,6,300,1,
2018,spring,5/31/2018,N1A,D,6,234,8,
2018,spring,5/31/2018,N1A,D,6,143,20,
2018,spring,5/31/2018,N1A,D,6,120,1,
2018,spring,5/31/2018,N1A,D,6,111,3,
2018,spring,5/31/2018,N1A,D,6,90,3,
2018,spring,5/31/2018,N1A,D,6,34,1,
2018,spring,5/31/2018,N1A,D,6,33,3,
2018,spring,5/31/2018,N1A,D,6,31,1,
2018,spring,5/31/2018,N1A,D,6,14,1,
2018,fall,8/17/2018,N1A,E,1,519,3,
2018,fall,8/17/2018,N1A,E,1,433,2,
2018,fall,8/17/2018,N1A,E,1,300,3,
2018,fall,8/17/2018,N1A,E,1,218,3,
2018,fall,8/17/2018,N1A,E,1,211,1,
2018,fall,8/17/2018,N1A,E,1,165,1,
2018,fall,8/17/2018,N1A,E,1,143,7,
2018,fall,8/17/2018,N1A,E,1,140,4,
2018,fall,8/17/2018,N1A,E,1,130,2,
2018,fall,8/17/2018,N1A,E,1,90,3,
2018,fall,8/17/2018,N1A,E,1,86,1,
2018,fall,8/17/2018,N1A,E,1,58,2,
2018,fall,8/17/2018,N1A,E,1,52,9,
2018,fall,8/17/2018,N1A,E,1,40,17,
2018,fall,8/17/2018,N1A,E,1,34,1,
2018,fall,8/17/2018,N1A,E,1,33,1,
2018,fall,8/17/2018,N1A,E,1,14,4,
2018,fall,8/17/2018,N1A,E,1,4,8,
2018,fall,8/17/2018,N1A,E,1,3,18,
2018,fall,8/17/2018,N1A,E,1,3,2,
2018,fall,8/17/2018,N1A,E,1,2,22,
2018,fall,8/17/2018,N1A,E,1,0,6,bare ground
2018,spring,5/31/2018,N1A,E,1,519,2,
2018,spring,5/31/2018,N1A,E,1,433,2,
2018,spring,5/31/2018,N1A,E,1,300,1,
2018,spring,5/31/2018,N1A,E,1,143,13,
2018,spring,5/31/2018,N1A,E,1,103,4,
2018,spring,5/31/2018,N1A,E,1,90,1,
2018,spring,5/31/2018,N1A,E,1,40,20,
2018,spring,5/31/2018,N1A,E,1,34,2,
2018,spring,5/31/2018,N1A,E,1,33,1,
2018,spring,5/31/2018,N1A,E,1,14,1,
2018,fall,8/17/2018,N1A,E,2,999,1,litter
2018,fall,8/17/2018,N1A,E,2,300,4,
2018,fall,8/17/2018,N1A,E,2,234,2,
2018,fall,8/17/2018,N1A,E,2,140,3,
2018,fall,8/17/2018,N1A,E,2,127,35,
2018,fall,8/17/2018,N1A,E,2,106,1,
2018,fall,8/17/2018,N1A,E,2,46,1,
2018,fall,8/17/2018,N1A,E,2,40,25,
2018,fall,8/17/2018,N1A,E,2,21,1,
2018,fall,8/17/2018,N1A,E,2,18,6,
2018,fall,8/17/2018,N1A,E,2,14,4,
2018,fall,8/17/2018,N1A,E,2,3,3,
2018,fall,8/17/2018,N1A,E,2,2,20,
2018,fall,8/17/2018,N1A,E,2,0,4,bare ground
2018,fall,8/17/2018,N1A,E,2,193,4,
2018,spring,5/31/2018,N1A,E,2,519,3,
2018,spring,5/31/2018,N1A,E,2,300,1,
2018,spring,5/31/2018,N1A,E,2,234,1,
2018,spring,5/31/2018,N1A,E,2,143,1,
2018,spring,5/31/2018,N1A,E,2,127,40,
2018,spring,5/31/2018,N1A,E,2,111,1,
2018,spring,5/31/2018,N1A,E,2,109,1,
2018,spring,5/31/2018,N1A,E,2,103,3,
2018,spring,5/31/2018,N1A,E,2,50,1,
2018,spring,5/31/2018,N1A,E,2,40,40,
2018,spring,5/31/2018,N1A,E,2,34,3,
2018,spring,5/31/2018,N1A,E,2,14,2,
2018,fall,8/17/2018,N1A,E,3,151,2,
2018,fall,8/17/2018,N1A,E,3,130,1,
2018,fall,8/17/2018,N1A,E,3,120,1,
2018,fall,8/17/2018,N1A,E,3,58,1,
2018,fall,8/17/2018,N1A,E,3,34,1,
2018,fall,8/17/2018,N1A,E,3,33,1,
2018,fall,8/17/2018,N1A,E,3,7,65,
2018,fall,8/17/2018,N1A,E,3,5,1,
2018,fall,8/17/2018,N1A,E,3,4,15,
2018,fall,8/17/2018,N1A,E,3,2,4,
2018,fall,8/17/2018,N1A,E,3,0,12,bare ground
2018,spring,5/31/2018,N1A,E,3,338,1,
2018,spring,5/31/2018,N1A,E,3,327,1,
2018,spring,5/31/2018,N1A,E,3,151,1,
2018,spring,5/31/2018,N1A,E,3,143,1,
2018,spring,5/31/2018,N1A,E,3,139,1,
2018,spring,5/31/2018,N1A,E,3,120,3,
2018,spring,5/31/2018,N1A,E,3,114,1,
2018,spring,5/31/2018,N1A,E,3,89,1,
2018,spring,5/31/2018,N1A,E,3,77,1,
2018,spring,5/31/2018,N1A,E,3,34,1,
2018,spring,5/31/2018,N1A,E,3,33,3,
2018,spring,5/31/2018,N1A,E,3,28,2,
2018,spring,5/31/2018,N1A,E,3,27,1,
2018,spring,5/31/2018,N1A,E,3,14,1,
2018,spring,5/31/2018,N1A,E,3,7,60,
2018,fall,8/17/2018,N1A,E,4,999,1,litter
2018,fall,8/17/2018,N1A,E,4,300,2,
2018,fall,8/17/2018,N1A,E,4,165,1,
2018,fall,8/17/2018,N1A,E,4,143,12,
2018,fall,8/17/2018,N1A,E,4,140,1,
2018,fall,8/17/2018,N1A,E,4,127,22,
2018,fall,8/17/2018,N1A,E,4,111,1,
2018,fall,8/17/2018,N1A,E,4,90,3,
2018,fall,8/17/2018,N1A,E,4,86,1,
2018,fall,8/17/2018,N1A,E,4,58,1,
2018,fall,8/17/2018,N1A,E,4,55,1,
2018,fall,8/17/2018,N1A,E,4,52,12,
2018,fall,8/17/2018,N1A,E,4,46,4,
2018,fall,8/17/2018,N1A,E,4,31,1,
2018,fall,8/17/2018,N1A,E,4,18,8,
2018,fall,8/17/2018,N1A,E,4,14,2,
2018,fall,8/17/2018,N1A,E,4,4,8,
2018,fall,8/17/2018,N1A,E,4,3,10,
2018,fall,8/17/2018,N1A,E,4,2,5,
2018,fall,8/17/2018,N1A,E,4,0,8,bare ground
2018,spring,5/31/2018,N1A,E,4,433,2,
2018,spring,5/31/2018,N1A,E,4,300,1,
2018,spring,5/31/2018,N1A,E,4,143,20,
2018,spring,5/31/2018,N1A,E,4,111,1,
2018,spring,5/31/2018,N1A,E,4,103,2,
2018,spring,5/31/2018,N1A,E,4,90,6,
2018,spring,5/31/2018,N1A,E,4,86,1,
2018,spring,5/31/2018,N1A,E,4,55,1,
2018,spring,5/31/2018,N1A,E,4,34,2,
2018,spring,5/31/2018,N1A,E,4,33,2,
2018,spring,5/31/2018,N1A,E,4,31,1,
2018,spring,5/31/2018,N1A,E,4,14,2,
2018,fall,8/17/2018,N1A,E,5,999,1,litter
2018,fall,8/17/2018,N1A,E,5,519,3,
2018,fall,8/17/2018,N1A,E,5,300,1,
2018,fall,8/17/2018,N1A,E,5,234,4,
2018,fall,8/17/2018,N1A,E,5,143,1,
2018,fall,8/17/2018,N1A,E,5,140,3,
2018,fall,8/17/2018,N1A,E,5,139,1,
2018,fall,8/17/2018,N1A,E,5,127,4,
2018,fall,8/17/2018,N1A,E,5,111,1,
2018,fall,8/17/2018,N1A,E,5,106,2,
2018,fall,8/17/2018,N1A,E,5,90,3,
2018,fall,8/17/2018,N1A,E,5,86,2,
2018,fall,8/17/2018,N1A,E,5,69,2,
2018,fall,8/17/2018,N1A,E,5,58,2,
2018,fall,8/17/2018,N1A,E,5,52,4,
2018,fall,8/17/2018,N1A,E,5,46,4,
2018,fall,8/17/2018,N1A,E,5,18,4,
2018,fall,8/17/2018,N1A,E,5,14,2,
2018,fall,8/17/2018,N1A,E,5,11,5,
2018,fall,8/17/2018,N1A,E,5,4,2,
2018,fall,8/17/2018,N1A,E,5,3,1,
2018,fall,8/17/2018,N1A,E,5,2,40,
2018,fall,8/17/2018,N1A,E,5,0,8,bare ground
2018,spring,5/31/2018,N1A,E,5,519,1,
2018,spring,5/31/2018,N1A,E,5,300,1,
2018,spring,5/31/2018,N1A,E,5,234,4,
2018,spring,5/31/2018,N1A,E,5,143,1,
2018,spring,5/31/2018,N1A,E,5,139,1,
2018,spring,5/31/2018,N1A,E,5,118,1,
2018,spring,5/31/2018,N1A,E,5,106,2,
2018,spring,5/31/2018,N1A,E,5,103,6,
2018,spring,5/31/2018,N1A,E,5,90,3,
2018,spring,5/31/2018,N1A,E,5,86,2,
2018,spring,5/31/2018,N1A,E,5,69,3,
2018,spring,5/31/2018,N1A,E,5,34,1,
2018,spring,5/31/2018,N1A,E,5,33,1,
2018,spring,5/31/2018,N1A,E,5,31,1,
2018,spring,5/31/2018,N1A,E,5,14,3,
2018,fall,8/17/2018,N1A,E,6,999,3,litter
2018,fall,8/17/2018,N1A,E,6,253,1,
2018,fall,8/17/2018,N1A,E,6,234,3,
2018,fall,8/17/2018,N1A,E,6,165,1,
2018,fall,8/17/2018,N1A,E,6,143,10,
2018,fall,8/17/2018,N1A,E,6,140,1,
2018,fall,8/17/2018,N1A,E,6,127,2,
2018,fall,8/17/2018,N1A,E,6,123,1,
2018,fall,8/17/2018,N1A,E,6,106,1,
2018,fall,8/17/2018,N1A,E,6,86,1,
2018,fall,8/17/2018,N1A,E,6,61,1,
2018,fall,8/17/2018,N1A,E,6,58,1,
2018,fall,8/17/2018,N1A,E,6,33,1,
2018,fall,8/17/2018,N1A,E,6,18,5,
2018,fall,8/17/2018,N1A,E,6,4,35,
2018,fall,8/17/2018,N1A,E,6,3,1,
2018,fall,8/17/2018,N1A,E,6,2,10,
2018,fall,8/17/2018,N1A,E,6,0,25,bare ground
2018,spring,5/31/2018,N1A,E,6,300,1,
2018,spring,5/31/2018,N1A,E,6,234,2,
2018,spring,5/31/2018,N1A,E,6,143,8,
2018,spring,5/31/2018,N1A,E,6,123,1,
2018,spring,5/31/2018,N1A,E,6,106,1,
2018,spring,5/31/2018,N1A,E,6,34,2,
2018,fall,8/17/2018,N1A,F,1,999,1,litter
2018,fall,8/17/2018,N1A,F,1,519,3,
2018,fall,8/17/2018,N1A,F,1,300,3,
2018,fall,8/17/2018,N1A,F,1,234,8,
2018,fall,8/17/2018,N1A,F,1,218,10,
2018,fall,8/17/2018,N1A,F,1,206,3,
2018,fall,8/17/2018,N1A,F,1,140,28,
2018,fall,8/17/2018,N1A,F,1,139,1,
2018,fall,8/17/2018,N1A,F,1,127,6,
2018,fall,8/17/2018,N1A,F,1,120,1,
2018,fall,8/17/2018,N1A,F,1,107,1,
2018,fall,8/17/2018,N1A,F,1,90,1,
2018,fall,8/17/2018,N1A,F,1,86,3,
2018,fall,8/17/2018,N1A,F,1,46,2,
2018,fall,8/17/2018,N1A,F,1,43,3,
2018,fall,8/17/2018,N1A,F,1,34,4,
2018,fall,8/17/2018,N1A,F,1,31,1,
2018,fall,8/17/2018,N1A,F,1,18,16,
2018,fall,8/17/2018,N1A,F,1,15,2,
2018,fall,8/17/2018,N1A,F,1,14,2,
2018,fall,8/17/2018,N1A,F,1,2,18,
2018,fall,8/17/2018,N1A,F,1,0,2,bare ground
2018,fall,8/17/2018,N1A,F,1,9001,1,unk flagged forb
2018,spring,5/31/2018,N1A,F,1,300,1,
2018,spring,5/31/2018,N1A,F,1,234,11,
2018,spring,5/31/2018,N1A,F,1,206,2,
2018,spring,5/31/2018,N1A,F,1,139,2,
2018,spring,5/31/2018,N1A,F,1,120,1,
2018,spring,5/31/2018,N1A,F,1,107,1,
2018,spring,5/31/2018,N1A,F,1,106,1,
2018,spring,5/31/2018,N1A,F,1,103,10,
2018,spring,5/31/2018,N1A,F,1,90,3,
2018,spring,5/31/2018,N1A,F,1,43,5,
2018,spring,5/31/2018,N1A,F,1,33,1,
2018,spring,5/31/2018,N1A,F,1,14,1,
2018,fall,8/17/2018,N1A,F,2,999,1,litter
2018,fall,8/17/2018,N1A,F,2,234,22,
2018,fall,8/17/2018,N1A,F,2,143,8,
2018,fall,8/17/2018,N1A,F,2,140,1,
2018,fall,8/17/2018,N1A,F,2,127,1,
2018,fall,8/17/2018,N1A,F,2,126,1,
2018,fall,8/17/2018,N1A,F,2,107,1,
2018,fall,8/17/2018,N1A,F,2,90,5,
2018,fall,8/17/2018,N1A,F,2,46,1,
2018,fall,8/17/2018,N1A,F,2,33,3,
2018,fall,8/17/2018,N1A,F,2,18,15,
2018,fall,8/17/2018,N1A,F,2,4,40,
2018,fall,8/17/2018,N1A,F,2,2,8,
2018,fall,8/17/2018,N1A,F,2,0,3,bare ground
2018,spring,5/31/2018,N1A,F,2,300,1,
2018,spring,5/31/2018,N1A,F,2,234,18,
2018,spring,5/31/2018,N1A,F,2,151,1,
2018,spring,5/31/2018,N1A,F,2,143,7,
2018,spring,5/31/2018,N1A,F,2,127,1,
2018,spring,5/31/2018,N1A,F,2,126,1,
2018,spring,5/31/2018,N1A,F,2,112,1,
2018,spring,5/31/2018,N1A,F,2,109,1,
2018,spring,5/31/2018,N1A,F,2,107,1,
2018,spring,5/31/2018,N1A,F,2,103,2,
2018,spring,5/31/2018,N1A,F,2,90,5,
2018,spring,5/31/2018,N1A,F,2,34,1,
2018,spring,5/31/2018,N1A,F,2,33,4,
2018,spring,5/31/2018,N1A,F,2,31,1,
2018,spring,5/31/2018,N1A,F,2,14,1,
2018,fall,8/17/2018,N1A,F,3,300,3,
2018,fall,8/17/2018,N1A,F,3,234,50,
2018,fall,8/17/2018,N1A,F,3,143,13,
2018,fall,8/17/2018,N1A,F,3,140,8,
2018,fall,8/17/2018,N1A,F,3,106,1,
2018,fall,8/17/2018,N1A,F,3,90,1,
2018,fall,8/17/2018,N1A,F,3,86,3,
2018,fall,8/17/2018,N1A,F,3,52,4,
2018,fall,8/17/2018,N1A,F,3,33,2,
2018,fall,8/17/2018,N1A,F,3,18,7,
2018,fall,8/17/2018,N1A,F,3,15,1,
2018,fall,8/17/2018,N1A,F,3,4,55,
2018,fall,8/17/2018,N1A,F,3,3,15,
2018,fall,8/17/2018,N1A,F,3,2,9,
2018,spring,5/31/2018,N1A,F,3,519,1,
2018,spring,5/31/2018,N1A,F,3,327,1,
2018,spring,5/31/2018,N1A,F,3,300,1,
2018,spring,5/31/2018,N1A,F,3,234,45,
2018,spring,5/31/2018,N1A,F,3,143,22,
2018,spring,5/31/2018,N1A,F,3,139,1,
2018,spring,5/31/2018,N1A,F,3,118,1,
2018,spring,5/31/2018,N1A,F,3,103,7,
2018,spring,5/31/2018,N1A,F,3,90,1,
2018,spring,5/31/2018,N1A,F,3,34,1,
2018,spring,5/31/2018,N1A,F,3,33,1,
2018,spring,5/31/2018,N1A,F,3,14,1,
2018,fall,8/17/2018,N1A,F,4,999,1,litter
2018,fall,8/17/2018,N1A,F,4,519,1,
2018,fall,8/17/2018,N1A,F,4,428,1,
2018,fall,8/17/2018,N1A,F,4,300,2,
2018,fall,8/17/2018,N1A,F,4,218,1,
2018,fall,8/17/2018,N1A,F,4,140,4,
2018,fall,8/17/2018,N1A,F,4,111,2,
2018,fall,8/17/2018,N1A,F,4,109,1,
2018,fall,8/17/2018,N1A,F,4,90,3,
2018,fall,8/17/2018,N1A,F,4,86,2,
2018,fall,8/17/2018,N1A,F,4,52,2,
2018,fall,8/17/2018,N1A,F,4,46,1,
2018,fall,8/17/2018,N1A,F,4,42,2,
2018,fall,8/17/2018,N1A,F,4,33,1,
2018,fall,8/17/2018,N1A,F,4,18,1,
2018,fall,8/17/2018,N1A,F,4,4,53,
2018,fall,8/17/2018,N1A,F,4,3,3,
2018,fall,8/17/2018,N1A,F,4,2,8,
2018,fall,8/17/2018,N1A,F,4,0,25,bare ground
2018,spring,5/31/2018,N1A,F,4,519,2,
2018,spring,5/31/2018,N1A,F,4,300,1,
2018,spring,5/31/2018,N1A,F,4,206,1,
2018,spring,5/31/2018,N1A,F,4,139,2,
2018,spring,5/31/2018,N1A,F,4,118,1,
2018,spring,5/31/2018,N1A,F,4,111,1,
2018,spring,5/31/2018,N1A,F,4,109,1,
2018,spring,5/31/2018,N1A,F,4,103,2,
2018,spring,5/31/2018,N1A,F,4,92,1,
2018,spring,5/31/2018,N1A,F,4,90,3,
2018,spring,5/31/2018,N1A,F,4,86,1,
2018,spring,5/31/2018,N1A,F,4,42,1,
2018,spring,5/31/2018,N1A,F,4,34,1,
2018,spring,5/31/2018,N1A,F,4,33,3,
2018,fall,8/17/2018,N1A,F,5,999,4,litter
2018,fall,8/17/2018,N1A,F,5,519,6,
2018,fall,8/17/2018,N1A,F,5,300,2,
2018,fall,8/17/2018,N1A,F,5,234,20,
2018,fall,8/17/2018,N1A,F,5,218,13,
2018,fall,8/17/2018,N1A,F,5,140,7,
2018,fall,8/17/2018,N1A,F,5,139,3,
2018,fall,8/17/2018,N1A,F,5,126,4,
2018,fall,8/17/2018,N1A,F,5,111,4,
2018,fall,8/17/2018,N1A,F,5,93,1,
2018,fall,8/17/2018,N1A,F,5,52,5,
2018,fall,8/17/2018,N1A,F,5,46,2,
2018,fall,8/17/2018,N1A,F,5,42,1,
2018,fall,8/17/2018,N1A,F,5,14,1,
2018,fall,8/17/2018,N1A,F,5,4,18,
2018,fall,8/17/2018,N1A,F,5,2,26,
2018,fall,8/17/2018,N1A,F,5,0,10,bare ground
2018,spring,5/31/2018,N1A,F,5,519,6,
2018,spring,5/31/2018,N1A,F,5,300,1,
2018,spring,5/31/2018,N1A,F,5,234,12,
2018,spring,5/31/2018,N1A,F,5,139,3,
2018,spring,5/31/2018,N1A,F,5,126,2,
2018,spring,5/31/2018,N1A,F,5,120,1,
2018,spring,5/31/2018,N1A,F,5,111,3,
2018,spring,5/31/2018,N1A,F,5,103,3,
2018,spring,5/31/2018,N1A,F,5,42,1,
2018,spring,5/31/2018,N1A,F,5,34,1,
2018,spring,5/31/2018,N1A,F,5,14,1,
2018,fall,8/17/2018,N1A,F,6,999,2,litter
2018,fall,8/17/2018,N1A,F,6,300,2,
2018,fall,8/17/2018,N1A,F,6,234,35,
2018,fall,8/17/2018,N1A,F,6,164,2,
2018,fall,8/17/2018,N1A,F,6,143,15,
2018,fall,8/17/2018,N1A,F,6,111,4,
2018,fall,8/17/2018,N1A,F,6,107,11,
2018,fall,8/17/2018,N1A,F,6,46,2,
2018,fall,8/17/2018,N1A,F,6,43,2,
2018,fall,8/17/2018,N1A,F,6,18,10,
2018,fall,8/17/2018,N1A,F,6,4,40,
2018,fall,8/17/2018,N1A,F,6,3,3,
2018,fall,8/17/2018,N1A,F,6,2,6,
2018,fall,8/17/2018,N1A,F,6,0,7,bare ground
2018,spring,5/31/2018,N1A,F,6,300,1,
2018,spring,5/31/2018,N1A,F,6,234,30,
2018,spring,5/31/2018,N1A,F,6,164,2,
2018,spring,5/31/2018,N1A,F,6,143,6,
2018,spring,5/31/2018,N1A,F,6,111,4,
2018,spring,5/31/2018,N1A,F,6,107,6,
2018,spring,5/31/2018,N1A,F,6,103,1,
2018,spring,5/31/2018,N1A,F,6,70,2,
2018,spring,5/31/2018,N1A,F,6,43,1,
2018,spring,5/31/2018,N1A,F,6,34,1,
2018,fall,8/17/2018,N1A,G,1,140,1,
2018,fall,8/17/2018,N1A,G,1,112,1,
2018,fall,8/17/2018,N1A,G,1,109,1,
2018,fall,8/17/2018,N1A,G,1,106,1,
2018,fall,8/17/2018,N1A,G,1,80,3,
2018,fall,8/17/2018,N1A,G,1,72,1,
2018,fall,8/17/2018,N1A,G,1,61,1,
2018,fall,8/17/2018,N1A,G,1,58,1,
2018,fall,8/17/2018,N1A,G,1,46,1,
2018,fall,8/17/2018,N1A,G,1,21,8,
2018,fall,8/17/2018,N1A,G,1,18,6,
2018,fall,8/17/2018,N1A,G,1,4,50,
2018,fall,8/17/2018,N1A,G,1,2,13,
2018,fall,8/17/2018,N1A,G,1,0,20,bare ground
2018,fall,8/17/2018,N1A,G,1,218,1,
2018,spring,5/31/2018,N1A,G,1,428,1,
2018,spring,5/31/2018,N1A,G,1,300,1,
2018,spring,5/31/2018,N1A,G,1,139,1,
2018,spring,5/31/2018,N1A,G,1,114,1,
2018,spring,5/31/2018,N1A,G,1,111,2,
2018,spring,5/31/2018,N1A,G,1,109,1,
2018,spring,5/31/2018,N1A,G,1,85,1,
2018,spring,5/31/2018,N1A,G,1,34,1,
2018,fall,8/17/2018,N1A,G,2,999,2,litter
2018,fall,8/17/2018,N1A,G,2,122,1,
2018,fall,8/17/2018,N1A,G,2,118,1,
2018,fall,8/17/2018,N1A,G,2,109,3,
2018,fall,8/17/2018,N1A,G,2,86,2,
2018,fall,8/17/2018,N1A,G,2,80,2,
2018,fall,8/17/2018,N1A,G,2,58,1,
2018,fall,8/17/2018,N1A,G,2,18,1,
2018,fall,8/17/2018,N1A,G,2,7,55,
2018,fall,8/17/2018,N1A,G,2,4,20,
2018,fall,8/17/2018,N1A,G,2,3,1,
2018,fall,8/17/2018,N1A,G,2,2,8,
2018,fall,8/17/2018,N1A,G,2,0,6,bare ground
2018,spring,5/31/2018,N1A,G,2,300,1,
2018,spring,5/31/2018,N1A,G,2,122,1,
2018,spring,5/31/2018,N1A,G,2,118,1,
2018,spring,5/31/2018,N1A,G,2,109,3,
2018,spring,5/31/2018,N1A,G,2,103,1,
2018,spring,5/31/2018,N1A,G,2,85,1,
2018,spring,5/31/2018,N1A,G,2,7,45,
2018,fall,8/17/2018,N1A,G,3,997,3,dung
2018,fall,8/17/2018,N1A,G,3,130,2,
2018,fall,8/17/2018,N1A,G,3,122,1,
2018,fall,8/17/2018,N1A,G,3,109,3,
2018,fall,8/17/2018,N1A,G,3,86,1,
2018,fall,8/17/2018,N1A,G,3,80,1,
2018,fall,8/17/2018,N1A,G,3,79,5,
2018,fall,8/17/2018,N1A,G,3,58,1,
2018,fall,8/17/2018,N1A,G,3,46,1,
2018,fall,8/17/2018,N1A,G,3,18,3,
2018,fall,8/17/2018,N1A,G,3,4,40,
2018,fall,8/17/2018,N1A,G,3,2,15,
2018,fall,8/17/2018,N1A,G,3,0,25,bare ground
2018,spring,5/31/2018,N1A,G,3,300,1,
2018,spring,5/31/2018,N1A,G,3,122,1,
2018,spring,5/31/2018,N1A,G,3,114,1,
2018,spring,5/31/2018,N1A,G,3,106,2,
2018,spring,5/31/2018,N1A,G,3,84,1,
2018,spring,5/31/2018,N1A,G,3,72,1,
2018,spring,5/31/2018,N1A,G,3,34,1,
2018,fall,8/17/2018,N1A,G,4,999,1,litter
2018,fall,8/17/2018,N1A,G,4,997,5,dung
2018,fall,8/17/2018,N1A,G,4,130,1,
2018,fall,8/17/2018,N1A,G,4,128,2,
2018,fall,8/17/2018,N1A,G,4,122,1,
2018,fall,8/17/2018,N1A,G,4,118,1,
2018,fall,8/17/2018,N1A,G,4,109,1,
2018,fall,8/17/2018,N1A,G,4,86,4,
2018,fall,8/17/2018,N1A,G,4,79,1,
2018,fall,8/17/2018,N1A,G,4,59,1,
2018,fall,8/17/2018,N1A,G,4,58,3,
2018,fall,8/17/2018,N1A,G,4,46,1,
2018,fall,8/17/2018,N1A,G,4,18,2,
2018,fall,8/17/2018,N1A,G,4,6,1,
2018,fall,8/17/2018,N1A,G,4,4,35,
2018,fall,8/17/2018,N1A,G,4,3,4,
2018,fall,8/17/2018,N1A,G,4,2,4,
2018,fall,8/17/2018,N1A,G,4,0,35,bare ground
2018,spring,5/31/2018,N1A,G,4,300,1,
2018,spring,5/31/2018,N1A,G,4,139,1,
2018,spring,5/31/2018,N1A,G,4,122,1,
2018,spring,5/31/2018,N1A,G,4,118,1,
2018,spring,5/31/2018,N1A,G,4,114,1,
2018,spring,5/31/2018,N1A,G,4,109,1,
2018,spring,5/31/2018,N1A,G,4,103,2,
2018,spring,5/31/2018,N1A,G,4,91,1,
2018,spring,5/31/2018,N1A,G,4,85,1,
2018,spring,5/31/2018,N1A,G,4,61,1,
2018,fall,8/17/2018,N1A,G,5,999,1,litter
2018,fall,8/17/2018,N1A,G,5,997,1,dung
2018,fall,8/17/2018,N1A,G,5,130,8,
2018,fall,8/17/2018,N1A,G,5,122,1,
2018,fall,8/17/2018,N1A,G,5,109,1,
2018,fall,8/17/2018,N1A,G,5,80,4,
2018,fall,8/17/2018,N1A,G,5,79,1,
2018,fall,8/17/2018,N1A,G,5,72,3,
2018,fall,8/17/2018,N1A,G,5,18,3,
2018,fall,8/17/2018,N1A,G,5,15,1,
2018,fall,8/17/2018,N1A,G,5,6,1,
2018,fall,8/17/2018,N1A,G,5,4,20,
2018,fall,8/17/2018,N1A,G,5,3,5,
2018,fall,8/17/2018,N1A,G,5,2,12,
2018,fall,8/17/2018,N1A,G,5,0,40,bare ground
2018,spring,5/31/2018,N1A,G,5,327,1,
2018,spring,5/31/2018,N1A,G,5,300,1,
2018,spring,5/31/2018,N1A,G,5,122,3,
2018,spring,5/31/2018,N1A,G,5,116,1,
2018,spring,5/31/2018,N1A,G,5,114,1,
2018,spring,5/31/2018,N1A,G,5,109,1,
2018,spring,5/31/2018,N1A,G,5,107,1,
2018,spring,5/31/2018,N1A,G,5,103,1,
2018,spring,5/31/2018,N1A,G,5,72,1,
2018,fall,8/17/2018,N1A,G,6,999,2,litter
2018,fall,8/17/2018,N1A,G,6,300,1,
2018,fall,8/17/2018,N1A,G,6,130,10,
2018,fall,8/17/2018,N1A,G,6,128,1,
2018,fall,8/17/2018,N1A,G,6,122,1,
2018,fall,8/17/2018,N1A,G,6,111,1,
2018,fall,8/17/2018,N1A,G,6,109,1,
2018,fall,8/17/2018,N1A,G,6,85,1,
2018,fall,8/17/2018,N1A,G,6,79,1,
2018,fall,8/17/2018,N1A,G,6,58,3,
2018,fall,8/17/2018,N1A,G,6,21,1,
2018,fall,8/17/2018,N1A,G,6,18,5,
2018,fall,8/17/2018,N1A,G,6,14,1,
2018,fall,8/17/2018,N1A,G,6,4,30,
2018,fall,8/17/2018,N1A,G,6,3,2,
2018,fall,8/17/2018,N1A,G,6,2,10,
2018,fall,8/17/2018,N1A,G,6,0,30,bare ground
2018,spring,5/31/2018,N1A,G,6,300,1,
2018,spring,5/31/2018,N1A,G,6,134,10,
2018,spring,5/31/2018,N1A,G,6,122,7,
2018,spring,5/31/2018,N1A,G,6,111,1,
2018,spring,5/31/2018,N1A,G,6,109,1,
2018,spring,5/31/2018,N1A,G,6,103,1,
2018,spring,5/31/2018,N1A,G,6,77,1,
2018,spring,5/31/2018,N1A,G,6,34,1,
2018,spring,5/31/2018,N1A,G,6,14,1,
2018,fall,8/17/2018,N1A,H,1,999,1,litter
2018,fall,8/17/2018,N1A,H,1,208,16,
2018,fall,8/17/2018,N1A,H,1,183,6,
2018,fall,8/17/2018,N1A,H,1,140,18,
2018,fall,8/17/2018,N1A,H,1,79,3,
2018,fall,8/17/2018,N1A,H,1,72,1,
2018,fall,8/17/2018,N1A,H,1,46,1,
2018,fall,8/17/2018,N1A,H,1,30,2,
2018,fall,8/17/2018,N1A,H,1,18,5,
2018,fall,8/17/2018,N1A,H,1,7,12,
2018,fall,8/17/2018,N1A,H,1,4,12,
2018,fall,8/17/2018,N1A,H,1,3,4,
2018,fall,8/17/2018,N1A,H,1,2,8,
2018,fall,8/17/2018,N1A,H,1,0,10,bare ground
2018,spring,5/31/2018,N1A,H,1,300,1,
2018,spring,5/31/2018,N1A,H,1,208,2,
2018,spring,5/31/2018,N1A,H,1,183,4,
2018,spring,5/31/2018,N1A,H,1,139,2,
2018,spring,5/31/2018,N1A,H,1,118,2,
2018,spring,5/31/2018,N1A,H,1,114,3,
2018,spring,5/31/2018,N1A,H,1,77,1,
2018,spring,5/31/2018,N1A,H,1,72,1,
2018,spring,5/31/2018,N1A,H,1,28,1,
2018,spring,5/31/2018,N1A,H,1,14,1,
2018,fall,8/17/2018,N1A,H,2,999,2,litter
2018,fall,8/17/2018,N1A,H,2,997,3,dung
2018,fall,8/17/2018,N1A,H,2,300,3,
2018,fall,8/17/2018,N1A,H,2,234,35,
2018,fall,8/17/2018,N1A,H,2,208,1,
2018,fall,8/17/2018,N1A,H,2,139,2,
2018,fall,8/17/2018,N1A,H,2,90,1,
2018,fall,8/17/2018,N1A,H,2,18,12,
2018,fall,8/17/2018,N1A,H,2,15,3,
2018,fall,8/17/2018,N1A,H,2,4,35,
2018,fall,8/17/2018,N1A,H,2,3,1,
2018,fall,8/17/2018,N1A,H,2,2,11,
2018,fall,8/17/2018,N1A,H,2,0,15,bare ground
2018,spring,5/31/2018,N1A,H,2,300,1,
2018,spring,5/31/2018,N1A,H,2,234,20,
2018,spring,5/31/2018,N1A,H,2,208,1,
2018,spring,5/31/2018,N1A,H,2,139,4,
2018,spring,5/31/2018,N1A,H,2,90,1,
2018,spring,5/31/2018,N1A,H,2,33,1,
2018,fall,8/17/2018,N1A,H,3,999,2,litter
2018,fall,8/17/2018,N1A,H,3,998,8,rock
2018,fall,8/17/2018,N1A,H,3,300,3,
2018,fall,8/17/2018,N1A,H,3,234,4,
2018,fall,8/17/2018,N1A,H,3,109,10,
2018,fall,8/17/2018,N1A,H,3,86,4,
2018,fall,8/17/2018,N1A,H,3,58,1,
2018,fall,8/17/2018,N1A,H,3,46,1,
2018,fall,8/17/2018,N1A,H,3,18,6,
2018,fall,8/17/2018,N1A,H,3,4,20,
2018,fall,8/17/2018,N1A,H,3,3,1,
2018,fall,8/17/2018,N1A,H,3,2,15,
2018,fall,8/17/2018,N1A,H,3,0,25,bare ground
2018,spring,5/31/2018,N1A,H,3,300,1,
2018,spring,5/31/2018,N1A,H,3,234,2,
2018,spring,5/31/2018,N1A,H,3,116,1,
2018,spring,5/31/2018,N1A,H,3,109,3,
2018,spring,5/31/2018,N1A,H,3,77,1,
2018,spring,5/31/2018,N1A,H,3,61,1,
2018,spring,5/31/2018,N1A,H,3,61,1,
2018,fall,8/17/2018,N1A,H,4,999,3,litter
2018,fall,8/17/2018,N1A,H,4,300,3,
2018,fall,8/17/2018,N1A,H,4,151,2,
2018,fall,8/17/2018,N1A,H,4,140,3,
2018,fall,8/17/2018,N1A,H,4,139,1,
2018,fall,8/17/2018,N1A,H,4,118,1,
2018,fall,8/17/2018,N1A,H,4,107,6,
2018,fall,8/17/2018,N1A,H,4,102,1,
2018,fall,8/17/2018,N1A,H,4,79,4,
2018,fall,8/17/2018,N1A,H,4,61,1,
2018,fall,8/17/2018,N1A,H,4,58,1,
2018,fall,8/17/2018,N1A,H,4,49,1,
2018,fall,8/17/2018,N1A,H,4,46,1,
2018,fall,8/17/2018,N1A,H,4,33,1,
2018,fall,8/17/2018,N1A,H,4,21,2,
2018,fall,8/17/2018,N1A,H,4,18,10,
2018,fall,8/17/2018,N1A,H,4,14,1,
2018,fall,8/17/2018,N1A,H,4,6,1,
2018,fall,8/17/2018,N1A,H,4,4,15,
2018,fall,8/17/2018,N1A,H,4,3,6,
2018,fall,8/17/2018,N1A,H,4,2,25,
2018,fall,8/17/2018,N1A,H,4,0,12,bare ground
2018,spring,5/31/2018,N1A,H,4,300,1,
2018,spring,5/31/2018,N1A,H,4,139,1,
2018,spring,5/31/2018,N1A,H,4,118,1,
2018,spring,5/31/2018,N1A,H,4,114,1,
2018,spring,5/31/2018,N1A,H,4,107,3,
2018,spring,5/31/2018,N1A,H,4,106,15,
2018,spring,5/31/2018,N1A,H,4,103,1,
2018,spring,5/31/2018,N1A,H,4,61,1,
2018,spring,5/31/2018,N1A,H,4,34,25,
2018,fall,8/17/2018,N1A,H,5,234,7,
2018,fall,8/17/2018,N1A,H,5,151,1,
2018,fall,8/17/2018,N1A,H,5,127,25,
2018,fall,8/17/2018,N1A,H,5,107,1,
2018,fall,8/17/2018,N1A,H,5,86,1,
2018,fall,8/17/2018,N1A,H,5,46,1,
2018,fall,8/17/2018,N1A,H,5,33,1,
2018,fall,8/17/2018,N1A,H,5,21,4,
2018,fall,8/17/2018,N1A,H,5,18,12,
2018,fall,8/17/2018,N1A,H,5,14,2,
2018,fall,8/17/2018,N1A,H,5,11,4,
2018,fall,8/17/2018,N1A,H,5,4,18,
2018,fall,8/17/2018,N1A,H,5,3,6,
2018,fall,8/17/2018,N1A,H,5,2,20,
2018,fall,8/17/2018,N1A,H,5,0,5,bare ground
2018,spring,5/31/2018,N1A,H,5,300,1,
2018,spring,5/31/2018,N1A,H,5,234,4,
2018,spring,5/31/2018,N1A,H,5,151,1,
2018,spring,5/31/2018,N1A,H,5,106,1,
2018,spring,5/31/2018,N1A,H,5,34,2,
2018,spring,5/31/2018,N1A,H,5,33,1,
2018,fall,8/17/2018,N1A,H,6,999,3,litter
2018,fall,8/17/2018,N1A,H,6,300,2,
2018,fall,8/17/2018,N1A,H,6,140,2,
2018,fall,8/17/2018,N1A,H,6,107,7,
2018,fall,8/17/2018,N1A,H,6,86,3,
2018,fall,8/17/2018,N1A,H,6,59,2,
2018,fall,8/17/2018,N1A,H,6,58,1,
2018,fall,8/17/2018,N1A,H,6,21,2,
2018,fall,8/17/2018,N1A,H,6,18,2,
2018,fall,8/17/2018,N1A,H,6,15,1,
2018,fall,8/17/2018,N1A,H,6,6,6,
2018,fall,8/17/2018,N1A,H,6,4,20,
2018,fall,8/17/2018,N1A,H,6,3,5,
2018,fall,8/17/2018,N1A,H,6,2,9,
2018,fall,8/17/2018,N1A,H,6,0,35,bare ground
2018,spring,5/31/2018,N1A,H,6,300,1,
2018,spring,5/31/2018,N1A,H,6,139,1,
2018,spring,5/31/2018,N1A,H,6,114,1,
2018,spring,5/31/2018,N1A,H,6,33,1,
2018,spring,5/31/2018,N1A,H,6,6,2,
2018,fall,8/17/2018,N1A,I,1,999,5,litter
2018,fall,8/17/2018,N1A,I,1,300,1,
2018,fall,8/17/2018,N1A,I,1,128,5,
2018,fall,8/17/2018,N1A,I,1,86,1,
2018,fall,8/17/2018,N1A,I,1,46,1,
2018,fall,8/17/2018,N1A,I,1,18,2,
2018,fall,8/17/2018,N1A,I,1,4,40,
2018,fall,8/17/2018,N1A,I,1,3,1,
2018,fall,8/17/2018,N1A,I,1,2,8,
2018,fall,8/17/2018,N1A,I,1,0,33,bare ground
2018,spring,5/31/2018,N1A,I,1,300,1,
2018,spring,5/31/2018,N1A,I,1,118,2,
2018,spring,5/31/2018,N1A,I,1,109,1,
2018,spring,5/31/2018,N1A,I,1,76,1,
2018,spring,5/31/2018,N1A,I,1,34,1,
2018,spring,5/31/2018,N1A,I,1,6,1,
2018,fall,8/17/2018,N1A,I,2,999,3,litter
2018,fall,8/17/2018,N1A,I,2,997,3,dung
2018,fall,8/17/2018,N1A,I,2,300,1,
2018,fall,8/17/2018,N1A,I,2,130,3,
2018,fall,8/17/2018,N1A,I,2,118,1,
2018,fall,8/17/2018,N1A,I,2,109,1,
2018,fall,8/17/2018,N1A,I,2,104,2,
2018,fall,8/17/2018,N1A,I,2,86,5,
2018,fall,8/17/2018,N1A,I,2,76,1,
2018,fall,8/17/2018,N1A,I,2,58,1,
2018,fall,8/17/2018,N1A,I,2,52,6,
2018,fall,8/17/2018,N1A,I,2,21,4,
2018,fall,8/17/2018,N1A,I,2,18,2,
2018,fall,8/17/2018,N1A,I,2,4,50,
2018,fall,8/17/2018,N1A,I,2,3,2,
2018,fall,8/17/2018,N1A,I,2,2,6,
2018,fall,8/17/2018,N1A,I,2,0,16,bare ground
2018,spring,5/31/2018,N1A,I,2,300,1,
2018,spring,5/31/2018,N1A,I,2,106,3,
2018,spring,5/31/2018,N1A,I,2,76,1,
2018,spring,5/31/2018,N1A,I,2,14,1,
2018,fall,8/17/2018,N1A,I,3,999,2,litter
2018,fall,8/17/2018,N1A,I,3,300,1,
2018,fall,8/17/2018,N1A,I,3,151,2,
2018,fall,8/17/2018,N1A,I,3,128,1,
2018,fall,8/17/2018,N1A,I,3,122,1,
2018,fall,8/17/2018,N1A,I,3,109,1,
2018,fall,8/17/2018,N1A,I,3,106,1,
2018,fall,8/17/2018,N1A,I,3,90,2,
2018,fall,8/17/2018,N1A,I,3,80,1,
2018,fall,8/17/2018,N1A,I,3,58,1,
2018,fall,8/17/2018,N1A,I,3,46,1,
2018,fall,8/17/2018,N1A,I,3,40,8,
2018,fall,8/17/2018,N1A,I,3,33,1,
2018,fall,8/17/2018,N1A,I,3,18,3,
2018,fall,8/17/2018,N1A,I,3,14,2,
2018,fall,8/17/2018,N1A,I,3,11,1,
2018,fall,8/17/2018,N1A,I,3,6,1,
2018,fall,8/17/2018,N1A,I,3,4,20,
2018,fall,8/17/2018,N1A,I,3,3,12,
2018,fall,8/17/2018,N1A,I,3,2,14,
2018,fall,8/17/2018,N1A,I,3,0,25,bare ground
2018,spring,5/31/2018,N1A,I,3,300,1,
2018,spring,5/31/2018,N1A,I,3,151,1,
2018,spring,5/31/2018,N1A,I,3,130,1,
2018,spring,5/31/2018,N1A,I,3,122,2,
2018,spring,5/31/2018,N1A,I,3,120,1,
2018,spring,5/31/2018,N1A,I,3,109,3,
2018,spring,5/31/2018,N1A,I,3,91,1,
2018,spring,5/31/2018,N1A,I,3,90,2,
2018,spring,5/31/2018,N1A,I,3,40,8,
2018,spring,5/31/2018,N1A,I,3,34,1,
2018,spring,5/31/2018,N1A,I,3,33,2,
2018,spring,5/31/2018,N1A,I,3,14,1,
2018,fall,8/17/2018,N1A,I,4,999,2,litter
2018,fall,8/17/2018,N1A,I,4,997,2,dung
2018,fall,8/17/2018,N1A,I,4,300,2,
2018,fall,8/17/2018,N1A,I,4,165,1,
2018,fall,8/17/2018,N1A,I,4,140,1,
2018,fall,8/17/2018,N1A,I,4,139,1,
2018,fall,8/17/2018,N1A,I,4,127,1,
2018,fall,8/17/2018,N1A,I,4,111,7,
2018,fall,8/17/2018,N1A,I,4,90,3,
2018,fall,8/17/2018,N1A,I,4,86,3,
2018,fall,8/17/2018,N1A,I,4,58,1,
2018,fall,8/17/2018,N1A,I,4,52,1,
2018,fall,8/17/2018,N1A,I,4,30,2,
2018,fall,8/17/2018,N1A,I,4,21,8,
2018,fall,8/17/2018,N1A,I,4,18,10,
2018,fall,8/17/2018,N1A,I,4,14,1,
2018,fall,8/17/2018,N1A,I,4,11,6,
2018,fall,8/17/2018,N1A,I,4,4,20,
2018,fall,8/17/2018,N1A,I,4,3,3,
2018,fall,8/17/2018,N1A,I,4,2,12,
2018,fall,8/17/2018,N1A,I,4,0,10,bare ground
2018,spring,5/31/2018,N1A,I,4,327,1,
2018,spring,5/31/2018,N1A,I,4,300,1,
2018,spring,5/31/2018,N1A,I,4,165,1,
2018,spring,5/31/2018,N1A,I,4,139,1,
2018,spring,5/31/2018,N1A,I,4,111,8,
2018,spring,5/31/2018,N1A,I,4,103,1,
2018,spring,5/31/2018,N1A,I,4,102,1,
2018,spring,5/31/2018,N1A,I,4,90,3,
2018,spring,5/31/2018,N1A,I,4,34,1,
2018,spring,5/31/2018,N1A,I,4,33,1,
2018,spring,5/31/2018,N1A,I,4,14,1,
2018,fall,8/17/2018,N1A,I,5,999,3,litter
2018,fall,8/17/2018,N1A,I,5,997,1,dung
2018,fall,8/17/2018,N1A,I,5,300,1,
2018,fall,8/17/2018,N1A,I,5,151,5,
2018,fall,8/17/2018,N1A,I,5,130,1,
2018,fall,8/17/2018,N1A,I,5,120,1,
2018,fall,8/17/2018,N1A,I,5,90,1,
2018,fall,8/17/2018,N1A,I,5,80,1,
2018,fall,8/17/2018,N1A,I,5,58,1,
2018,fall,8/17/2018,N1A,I,5,54,1,
2018,fall,8/17/2018,N1A,I,5,44,1,
2018,fall,8/17/2018,N1A,I,5,40,1,
2018,fall,8/17/2018,N1A,I,5,34,1,
2018,fall,8/17/2018,N1A,I,5,18,2,
2018,fall,8/17/2018,N1A,I,5,4,65,
2018,fall,8/17/2018,N1A,I,5,3,6,
2018,fall,8/17/2018,N1A,I,5,2,4,
2018,fall,8/17/2018,N1A,I,5,0,14,bare ground
2018,spring,5/31/2018,N1A,I,5,300,1,
2018,spring,5/31/2018,N1A,I,5,139,1,
2018,spring,5/31/2018,N1A,I,5,120,1,
2018,spring,5/31/2018,N1A,I,5,114,1,
2018,spring,5/31/2018,N1A,I,5,103,1,
2018,spring,5/31/2018,N1A,I,5,44,1,
2018,spring,5/31/2018,N1A,I,5,40,1,
2018,spring,5/31/2018,N1A,I,5,33,1,
2018,spring,5/31/2018,N1A,I,5,14,1,
2018,fall,8/17/2018,N1A,I,6,999,6,litter
2018,fall,8/17/2018,N1A,I,6,300,2,
2018,fall,8/17/2018,N1A,I,6,165,1,
2018,fall,8/17/2018,N1A,I,6,151,9,
2018,fall,8/17/2018,N1A,I,6,139,1,
2018,fall,8/17/2018,N1A,I,6,130,5,
2018,fall,8/17/2018,N1A,I,6,120,1,
2018,fall,8/17/2018,N1A,I,6,102,1,
2018,fall,8/17/2018,N1A,I,6,90,1,
2018,fall,8/17/2018,N1A,I,6,80,2,
2018,fall,8/17/2018,N1A,I,6,58,1,
2018,fall,8/17/2018,N1A,I,6,46,17,
2018,fall,8/17/2018,N1A,I,6,34,2,
2018,fall,8/17/2018,N1A,I,6,21,4,
2018,fall,8/17/2018,N1A,I,6,18,3,
2018,fall,8/17/2018,N1A,I,6,14,2,
2018,fall,8/17/2018,N1A,I,6,6,1,
2018,fall,8/17/2018,N1A,I,6,4,15,
2018,fall,8/17/2018,N1A,I,6,3,6,
2018,fall,8/17/2018,N1A,I,6,2,4,
2018,fall,8/17/2018,N1A,I,6,0,17,bare ground
2018,spring,5/31/2018,N1A,I,6,300,1,
2018,spring,5/31/2018,N1A,I,6,165,1,
2018,spring,5/31/2018,N1A,I,6,151,1,
2018,spring,5/31/2018,N1A,I,6,139,1,
2018,spring,5/31/2018,N1A,I,6,120,1,
2018,spring,5/31/2018,N1A,I,6,102,1,
2018,spring,5/31/2018,N1A,I,6,89,1,
2018,spring,5/31/2018,N1A,I,6,34,1,
2018,spring,5/31/2018,N1A,I,6,33,1,
2018,spring,5/31/2018,N1A,I,6,31,3,
2018,spring,5/31/2018,N1A,I,6,28,1,
2018,spring,5/31/2018,N1A,I,6,14,4,
2018,fall,8/18/2018,N4B,J,1,999,2,litter
2018,fall,8/18/2018,N4B,J,1,300,1,
2018,fall,8/18/2018,N4B,J,1,143,55,
2018,fall,8/18/2018,N4B,J,1,134,5,
2018,fall,8/18/2018,N4B,J,1,78,2,
2018,fall,8/18/2018,N4B,J,1,72,1,
2018,fall,8/18/2018,N4B,J,1,58,3,
2018,fall,8/18/2018,N4B,J,1,52,8,
2018,fall,8/18/2018,N4B,J,1,21,4,
2018,fall,8/18/2018,N4B,J,1,18,22,
2018,fall,8/18/2018,N4B,J,1,15,2,
2018,fall,8/18/2018,N4B,J,1,14,2,
2018,fall,8/18/2018,N4B,J,1,4,12,
2018,fall,8/18/2018,N4B,J,1,3,14,
2018,fall,8/18/2018,N4B,J,1,2,28,
2018,spring,5/30/2018,N4B,J,1,143,55,
2018,spring,5/30/2018,N4B,J,1,134,2,
2018,spring,5/30/2018,N4B,J,1,103,1,
2018,spring,5/30/2018,N4B,J,1,102,1,
2018,spring,5/30/2018,N4B,J,1,72,1,
2018,spring,5/30/2018,N4B,J,1,50,28,
2018,spring,5/30/2018,N4B,J,1,41,1,
2018,spring,5/30/2018,N4B,J,1,34,16,
2018,spring,5/30/2018,N4B,J,1,33,1,
2018,spring,5/30/2018,N4B,J,1,14,2,
2018,fall,8/18/2018,N4B,J,2,999,2,litter
2018,fall,8/18/2018,N4B,J,2,149,1,
2018,fall,8/18/2018,N4B,J,2,139,1,
2018,fall,8/18/2018,N4B,J,2,109,1,
2018,fall,8/18/2018,N4B,J,2,86,2,
2018,fall,8/18/2018,N4B,J,2,58,4,
2018,fall,8/18/2018,N4B,J,2,46,1,
2018,fall,8/18/2018,N4B,J,2,43,4,
2018,fall,8/18/2018,N4B,J,2,21,4,
2018,fall,8/18/2018,N4B,J,2,18,30,
2018,fall,8/18/2018,N4B,J,2,14,3,
2018,fall,8/18/2018,N4B,J,2,4,3,
2018,fall,8/18/2018,N4B,J,2,3,20,
2018,fall,8/18/2018,N4B,J,2,2,65,
2018,spring,5/30/2018,N4B,J,2,525,1,
2018,spring,5/30/2018,N4B,J,2,149,1,
2018,spring,5/30/2018,N4B,J,2,141,1,
2018,spring,5/30/2018,N4B,J,2,134,1,
2018,spring,5/30/2018,N4B,J,2,103,7,
2018,spring,5/30/2018,N4B,J,2,83,1,
2018,spring,5/30/2018,N4B,J,2,70,6,
2018,spring,5/30/2018,N4B,J,2,50,4,
2018,spring,5/30/2018,N4B,J,2,43,3,
2018,spring,5/30/2018,N4B,J,2,34,6,
2018,spring,5/30/2018,N4B,J,2,33,2,
2018,spring,5/30/2018,N4B,J,2,31,1,
2018,spring,5/30/2018,N4B,J,2,14,3,
2018,fall,8/18/2018,N4B,J,3,999,1,litter
2018,fall,8/18/2018,N4B,J,3,130,1,
2018,fall,8/18/2018,N4B,J,3,58,5,
2018,fall,8/18/2018,N4B,J,3,52,3,
2018,fall,8/18/2018,N4B,J,3,46,1,
2018,fall,8/18/2018,N4B,J,3,21,2,
2018,fall,8/18/2018,N4B,J,3,18,4,
2018,fall,8/18/2018,N4B,J,3,14,4,
2018,fall,8/18/2018,N4B,J,3,11,2,
2018,fall,8/18/2018,N4B,J,3,4,35,
2018,fall,8/18/2018,N4B,J,3,3,10,
2018,fall,8/18/2018,N4B,J,3,2,50,
2018,spring,5/30/2018,N4B,J,3,407,1,
2018,spring,5/30/2018,N4B,J,3,125,1,
2018,spring,5/30/2018,N4B,J,3,120,1,
2018,spring,5/30/2018,N4B,J,3,103,3,
2018,spring,5/30/2018,N4B,J,3,93,1,
2018,spring,5/30/2018,N4B,J,3,89,1,
2018,spring,5/30/2018,N4B,J,3,34,5,
2018,spring,5/30/2018,N4B,J,3,33,10,
2018,spring,5/30/2018,N4B,J,3,27,1,
2018,spring,5/30/2018,N4B,J,3,14,3,
2018,fall,8/18/2018,N4B,J,4,999,1,litter
2018,fall,8/18/2018,N4B,J,4,120,1,
2018,fall,8/18/2018,N4B,J,4,106,4,
2018,fall,8/18/2018,N4B,J,4,90,2,
2018,fall,8/18/2018,N4B,J,4,58,5,
2018,fall,8/18/2018,N4B,J,4,52,2,
2018,fall,8/18/2018,N4B,J,4,50,1,
2018,fall,8/18/2018,N4B,J,4,46,1,
2018,fall,8/18/2018,N4B,J,4,21,1,
2018,fall,8/18/2018,N4B,J,4,18,45,
2018,fall,8/18/2018,N4B,J,4,14,4,
2018,fall,8/18/2018,N4B,J,4,4,7,
2018,fall,8/18/2018,N4B,J,4,2,60,
2018,spring,5/30/2018,N4B,J,4,120,1,
2018,spring,5/30/2018,N4B,J,4,106,2,
2018,spring,5/30/2018,N4B,J,4,103,2,
2018,spring,5/30/2018,N4B,J,4,50,2,
2018,spring,5/30/2018,N4B,J,4,34,1,
2018,spring,5/30/2018,N4B,J,4,33,3,
2018,spring,5/30/2018,N4B,J,4,31,1,
2018,spring,5/30/2018,N4B,J,4,14,2,
2018,fall,8/18/2018,N4B,J,5,164,1,
2018,fall,8/18/2018,N4B,J,5,120,1,
2018,fall,8/18/2018,N4B,J,5,58,3,
2018,fall,8/18/2018,N4B,J,5,52,3,
2018,fall,8/18/2018,N4B,J,5,46,2,
2018,fall,8/18/2018,N4B,J,5,40,4,
2018,fall,8/18/2018,N4B,J,5,21,2,
2018,fall,8/18/2018,N4B,J,5,18,25,
2018,fall,8/18/2018,N4B,J,5,14,2,
2018,fall,8/18/2018,N4B,J,5,11,3,
2018,fall,8/18/2018,N4B,J,5,4,8,
2018,fall,8/18/2018,N4B,J,5,3,50,
2018,fall,8/18/2018,N4B,J,5,2,30,
2018,spring,5/30/2018,N4B,J,5,164,1,
2018,spring,5/30/2018,N4B,J,5,143,2,
2018,spring,5/30/2018,N4B,J,5,125,1,
2018,spring,5/30/2018,N4B,J,5,120,1,
2018,spring,5/30/2018,N4B,J,5,103,6,
2018,spring,5/30/2018,N4B,J,5,82,1,
2018,spring,5/30/2018,N4B,J,5,40,2,
2018,spring,5/30/2018,N4B,J,5,33,5,
2018,spring,5/30/2018,N4B,J,5,14,2,
2018,spring,5/30/2018,N4B,J,5,11,2,
2018,fall,8/18/2018,N4B,J,6,997,1,dung
2018,fall,8/18/2018,N4B,J,6,58,1,
2018,fall,8/18/2018,N4B,J,6,43,6,
2018,fall,8/18/2018,N4B,J,6,18,14,
2018,fall,8/18/2018,N4B,J,6,14,3,
2018,fall,8/18/2018,N4B,J,6,4,4,
2018,fall,8/18/2018,N4B,J,6,3,9,
2018,fall,8/18/2018,N4B,J,6,2,70,
2018,spring,5/30/2018,N4B,J,6,141,1,
2018,spring,5/30/2018,N4B,J,6,137,1,
2018,spring,5/30/2018,N4B,J,6,103,1,
2018,spring,5/30/2018,N4B,J,6,43,7,
2018,spring,5/30/2018,N4B,J,6,34,5,
2018,spring,5/30/2018,N4B,J,6,33,3,
2018,spring,5/30/2018,N4B,J,6,32,4,
2018,spring,5/30/2018,N4B,J,6,31,6,
2018,spring,5/30/2018,N4B,J,6,27,1,
2018,spring,5/30/2018,N4B,J,6,14,1,
2018,fall,8/18/2018,N4B,K,1,118,1,
2018,fall,8/18/2018,N4B,K,1,111,3,
2018,fall,8/18/2018,N4B,K,1,107,3,
2018,fall,8/18/2018,N4B,K,1,59,1,
2018,fall,8/18/2018,N4B,K,1,58,2,
2018,fall,8/18/2018,N4B,K,1,40,4,
2018,fall,8/18/2018,N4B,K,1,21,1,
2018,fall,8/18/2018,N4B,K,1,18,12,
2018,fall,8/18/2018,N4B,K,1,14,1,
2018,fall,8/18/2018,N4B,K,1,11,1,
2018,fall,8/18/2018,N4B,K,1,4,50,
2018,fall,8/18/2018,N4B,K,1,3,1,
2018,fall,8/18/2018,N4B,K,1,2,45,
2018,spring,5/30/2018,N4B,K,1,118,1,
2018,spring,5/30/2018,N4B,K,1,114,1,
2018,spring,5/30/2018,N4B,K,1,111,5,
2018,spring,5/30/2018,N4B,K,1,109,2,
2018,spring,5/30/2018,N4B,K,1,104,1,
2018,spring,5/30/2018,N4B,K,1,103,6,
2018,spring,5/30/2018,N4B,K,1,61,1,
2018,spring,5/30/2018,N4B,K,1,61,1,
2018,spring,5/30/2018,N4B,K,1,40,9,
2018,spring,5/30/2018,N4B,K,1,34,3,
2018,spring,5/30/2018,N4B,K,1,14,2,
2018,fall,8/18/2018,N4B,K,2,122,1,
2018,fall,8/18/2018,N4B,K,2,111,4,
2018,fall,8/18/2018,N4B,K,2,86,1,
2018,fall,8/18/2018,N4B,K,2,59,12,
2018,fall,8/18/2018,N4B,K,2,58,1,
2018,fall,8/18/2018,N4B,K,2,21,2,
2018,fall,8/18/2018,N4B,K,2,18,15,
2018,fall,8/18/2018,N4B,K,2,4,20,
2018,fall,8/18/2018,N4B,K,2,3,18,
2018,fall,8/18/2018,N4B,K,2,2,40,
2018,spring,5/30/2018,N4B,K,2,122,2,
2018,spring,5/30/2018,N4B,K,2,116,3,
2018,spring,5/30/2018,N4B,K,2,111,4,
2018,spring,5/30/2018,N4B,K,2,109,1,
2018,spring,5/30/2018,N4B,K,2,103,2,
2018,spring,5/30/2018,N4B,K,2,34,2,
2018,spring,5/30/2018,N4B,K,2,33,1,
2018,fall,8/18/2018,N4B,K,3,998,1,rock
2018,fall,8/18/2018,N4B,K,3,111,1,
2018,fall,8/18/2018,N4B,K,3,109,1,
2018,fall,8/18/2018,N4B,K,3,86,2,
2018,fall,8/18/2018,N4B,K,3,58,6,
2018,fall,8/18/2018,N4B,K,3,21,9,
2018,fall,8/18/2018,N4B,K,3,18,8,
2018,fall,8/18/2018,N4B,K,3,15,2,
2018,fall,8/18/2018,N4B,K,3,4,45,
2018,fall,8/18/2018,N4B,K,3,3,12,
2018,fall,8/18/2018,N4B,K,3,2,35,
2018,spring,5/30/2018,N4B,K,3,111,1,
2018,spring,5/30/2018,N4B,K,3,106,1,
2018,spring,5/30/2018,N4B,K,3,103,2,
2018,spring,5/30/2018,N4B,K,3,34,1,
2018,fall,8/18/2018,N4B,K,4,134,1,
2018,fall,8/18/2018,N4B,K,4,111,2,
2018,fall,8/18/2018,N4B,K,4,106,1,
2018,fall,8/18/2018,N4B,K,4,58,6,
2018,fall,8/18/2018,N4B,K,4,52,2,
2018,fall,8/18/2018,N4B,K,4,46,1,
2018,fall,8/18/2018,N4B,K,4,21,3,
2018,fall,8/18/2018,N4B,K,4,18,3,
2018,fall,8/18/2018,N4B,K,4,11,4,
2018,fall,8/18/2018,N4B,K,4,4,8,
2018,fall,8/18/2018,N4B,K,4,3,35,
2018,fall,8/18/2018,N4B,K,4,2,55,
2018,spring,5/30/2018,N4B,K,4,134,1,
2018,spring,5/30/2018,N4B,K,4,125,1,
2018,spring,5/30/2018,N4B,K,4,116,1,
2018,spring,5/30/2018,N4B,K,4,111,2,
2018,spring,5/30/2018,N4B,K,4,109,1,
2018,spring,5/30/2018,N4B,K,4,103,1,
2018,spring,5/30/2018,N4B,K,4,34,4,
2018,fall,8/18/2018,N4B,K,5,998,3,rock
2018,fall,8/18/2018,N4B,K,5,428,1,
2018,fall,8/18/2018,N4B,K,5,134,1,
2018,fall,8/18/2018,N4B,K,5,86,1,
2018,fall,8/18/2018,N4B,K,5,59,5,
2018,fall,8/18/2018,N4B,K,5,58,6,
2018,fall,8/18/2018,N4B,K,5,46,1,
2018,fall,8/18/2018,N4B,K,5,21,2,
2018,fall,8/18/2018,N4B,K,5,18,4,
2018,fall,8/18/2018,N4B,K,5,14,1,
2018,fall,8/18/2018,N4B,K,5,4,40,
2018,fall,8/18/2018,N4B,K,5,3,15,
2018,fall,8/18/2018,N4B,K,5,2,38,
2018,fall,8/18/2018,N4B,K,5,0,1,bare ground
2018,spring,5/30/2018,N4B,K,5,438,2,
2018,spring,5/30/2018,N4B,K,5,138,1,
2018,spring,5/30/2018,N4B,K,5,134,1,
2018,spring,5/30/2018,N4B,K,5,109,1,
2018,spring,5/30/2018,N4B,K,5,55,1,
2018,spring,5/30/2018,N4B,K,5,34,1,
2018,fall,8/18/2018,N4B,K,6,998,6,rock
2018,fall,8/18/2018,N4B,K,6,428,1,
2018,fall,8/18/2018,N4B,K,6,134,1,
2018,fall,8/18/2018,N4B,K,6,122,15,
2018,fall,8/18/2018,N4B,K,6,118,1,
2018,fall,8/18/2018,N4B,K,6,109,1,
2018,fall,8/18/2018,N4B,K,6,92,1,
2018,fall,8/18/2018,N4B,K,6,59,4,
2018,fall,8/18/2018,N4B,K,6,58,3,
2018,fall,8/18/2018,N4B,K,6,21,2,
2018,fall,8/18/2018,N4B,K,6,18,6,
2018,fall,8/18/2018,N4B,K,6,15,2,
2018,fall,8/18/2018,N4B,K,6,4,10,
2018,fall,8/18/2018,N4B,K,6,3,25,
2018,fall,8/18/2018,N4B,K,6,2,40,
2018,spring,5/30/2018,N4B,K,6,428,1,
2018,spring,5/30/2018,N4B,K,6,149,1,
2018,spring,5/30/2018,N4B,K,6,134,1,
2018,spring,5/30/2018,N4B,K,6,122,8,
2018,spring,5/30/2018,N4B,K,6,118,1,
2018,spring,5/30/2018,N4B,K,6,111,1,
2018,spring,5/30/2018,N4B,K,6,109,1,
2018,spring,5/30/2018,N4B,K,6,34,1,
2018,fall,8/18/2018,N4B,L,1,998,1,rock
2018,fall,8/18/2018,N4B,L,1,140,1,
2018,fall,8/18/2018,N4B,L,1,134,1,
2018,fall,8/18/2018,N4B,L,1,128,5,
2018,fall,8/18/2018,N4B,L,1,122,3,
2018,fall,8/18/2018,N4B,L,1,86,1,
2018,fall,8/18/2018,N4B,L,1,59,2,
2018,fall,8/18/2018,N4B,L,1,58,4,
2018,fall,8/18/2018,N4B,L,1,46,1,
2018,fall,8/18/2018,N4B,L,1,18,20,
2018,fall,8/18/2018,N4B,L,1,15,1,
2018,fall,8/18/2018,N4B,L,1,5,1,
2018,fall,8/18/2018,N4B,L,1,4,45,
2018,fall,8/18/2018,N4B,L,1,3,4,
2018,fall,8/18/2018,N4B,L,1,2,25,
2018,fall,8/18/2018,N4B,L,1,0,2,bare ground
2018,spring,5/30/2018,N4B,L,1,134,1,
2018,spring,5/30/2018,N4B,L,1,109,1,
2018,spring,5/30/2018,N4B,L,1,106,1,
2018,spring,5/30/2018,N4B,L,1,34,2,
2018,spring,5/30/2018,N4B,L,1,33,1,
2018,spring,5/30/2018,N4B,L,1,7,1,
2018,fall,8/18/2018,N4B,L,2,998,4,rock
2018,fall,8/18/2018,N4B,L,2,428,1,
2018,fall,8/18/2018,N4B,L,2,134,3,
2018,fall,8/18/2018,N4B,L,2,128,10,
2018,fall,8/18/2018,N4B,L,2,111,1,
2018,fall,8/18/2018,N4B,L,2,72,1,
2018,fall,8/18/2018,N4B,L,2,58,1,
2018,fall,8/18/2018,N4B,L,2,41,1,
2018,fall,8/18/2018,N4B,L,2,21,4,
2018,fall,8/18/2018,N4B,L,2,18,25,
2018,fall,8/18/2018,N4B,L,2,4,9,
2018,fall,8/18/2018,N4B,L,2,3,1,
2018,fall,8/18/2018,N4B,L,2,2,35,
2018,fall,8/18/2018,N4B,L,2,0,4,bare ground
2018,spring,5/30/2018,N4B,L,2,428,3,
2018,spring,5/30/2018,N4B,L,2,134,2,
2018,spring,5/30/2018,N4B,L,2,122,2,
2018,spring,5/30/2018,N4B,L,2,120,1,
2018,spring,5/30/2018,N4B,L,2,111,1,
2018,spring,5/30/2018,N4B,L,2,84,3,
2018,spring,5/30/2018,N4B,L,2,72,1,
2018,spring,5/30/2018,N4B,L,2,41,2,
2018,spring,5/30/2018,N4B,L,2,34,1,
2018,fall,8/18/2018,N4B,L,3,997,4,dung
2018,fall,8/18/2018,N4B,L,3,428,1,
2018,fall,8/18/2018,N4B,L,3,122,30,
2018,fall,8/18/2018,N4B,L,3,120,1,
2018,fall,8/18/2018,N4B,L,3,109,1,
2018,fall,8/18/2018,N4B,L,3,86,1,
2018,fall,8/18/2018,N4B,L,3,59,1,
2018,fall,8/18/2018,N4B,L,3,58,10,
2018,fall,8/18/2018,N4B,L,3,55,1,
2018,fall,8/18/2018,N4B,L,3,21,5,
2018,fall,8/18/2018,N4B,L,3,18,8,
2018,fall,8/18/2018,N4B,L,3,4,50,
2018,fall,8/18/2018,N4B,L,3,3,8,
2018,fall,8/18/2018,N4B,L,3,2,35,
2018,spring,5/30/2018,N4B,L,3,428,1,
2018,spring,5/30/2018,N4B,L,3,125,1,
2018,spring,5/30/2018,N4B,L,3,122,20,
2018,spring,5/30/2018,N4B,L,3,120,1,
2018,spring,5/30/2018,N4B,L,3,109,1,
2018,spring,5/30/2018,N4B,L,3,91,1,
2018,spring,5/30/2018,N4B,L,3,55,1,
2018,spring,5/30/2018,N4B,L,3,33,1,
2018,fall,8/18/2018,N4B,L,4,999,1,litter
2018,fall,8/18/2018,N4B,L,4,134,1,
2018,fall,8/18/2018,N4B,L,4,128,6,
2018,fall,8/18/2018,N4B,L,4,122,7,
2018,fall,8/18/2018,N4B,L,4,58,6,
2018,fall,8/18/2018,N4B,L,4,18,1,
2018,fall,8/18/2018,N4B,L,4,11,2,
2018,fall,8/18/2018,N4B,L,4,4,25,
2018,fall,8/18/2018,N4B,L,4,3,4,
2018,fall,8/18/2018,N4B,L,4,2,60,
2018,spring,5/30/2018,N4B,L,4,134,1,
2018,spring,5/30/2018,N4B,L,4,122,1,
2018,spring,5/30/2018,N4B,L,4,84,1,
2018,fall,8/18/2018,N4B,L,5,996,25,bison_trail
2018,fall,8/18/2018,N4B,L,5,519,4,
2018,fall,8/18/2018,N4B,L,5,134,1,
2018,fall,8/18/2018,N4B,L,5,128,5,
2018,fall,8/18/2018,N4B,L,5,122,7,
2018,fall,8/18/2018,N4B,L,5,109,1,
2018,fall,8/18/2018,N4B,L,5,76,2,
2018,fall,8/18/2018,N4B,L,5,58,6,
2018,fall,8/18/2018,N4B,L,5,41,3,
2018,fall,8/18/2018,N4B,L,5,21,3,
2018,fall,8/18/2018,N4B,L,5,18,7,
2018,fall,8/18/2018,N4B,L,5,4,17,
2018,fall,8/18/2018,N4B,L,5,3,8,
2018,fall,8/18/2018,N4B,L,5,2,70,
2018,spring,5/30/2018,N4B,L,5,996,25,bison_trail
2018,spring,5/30/2018,N4B,L,5,134,1,
2018,spring,5/30/2018,N4B,L,5,122,6,
2018,spring,5/30/2018,N4B,L,5,120,1,
2018,spring,5/30/2018,N4B,L,5,116,6,
2018,spring,5/30/2018,N4B,L,5,109,2,
2018,spring,5/30/2018,N4B,L,5,104,1,
2018,spring,5/30/2018,N4B,L,5,84,1,
2018,spring,5/30/2018,N4B,L,5,76,2,
2018,spring,5/30/2018,N4B,L,5,41,1,
2018,fall,8/18/2018,N4B,L,6,134,1,
2018,fall,8/18/2018,N4B,L,6,122,8,
2018,fall,8/18/2018,N4B,L,6,109,1,
2018,fall,8/18/2018,N4B,L,6,59,14,
2018,fall,8/18/2018,N4B,L,6,58,2,
2018,fall,8/18/2018,N4B,L,6,41,1,
2018,fall,8/18/2018,N4B,L,6,21,6,
2018,fall,8/18/2018,N4B,L,6,18,4,
2018,fall,8/18/2018,N4B,L,6,15,3,
2018,fall,8/18/2018,N4B,L,6,6,12,
2018,fall,8/18/2018,N4B,L,6,4,10,
2018,fall,8/18/2018,N4B,L,6,3,7,
2018,fall,8/18/2018,N4B,L,6,2,40,
2018,spring,5/30/2018,N4B,L,6,134,1,
2018,spring,5/30/2018,N4B,L,6,125,1,
2018,spring,5/30/2018,N4B,L,6,123,1,
2018,spring,5/30/2018,N4B,L,6,122,10,
2018,spring,5/30/2018,N4B,L,6,120,1,
2018,spring,5/30/2018,N4B,L,6,109,1,
2018,spring,5/30/2018,N4B,L,6,55,1,
2018,spring,5/30/2018,N4B,L,6,6,1,
2018,fall,8/18/2018,N4B,M,1,86,1,
2018,fall,8/18/2018,N4B,M,1,58,20,
2018,fall,8/18/2018,N4B,M,1,52,1,
2018,fall,8/18/2018,N4B,M,1,46,1,
2018,fall,8/18/2018,N4B,M,1,43,2,
2018,fall,8/18/2018,N4B,M,1,18,5,
2018,fall,8/18/2018,N4B,M,1,14,3,
2018,fall,8/18/2018,N4B,M,1,4,10,
2018,fall,8/18/2018,N4B,M,1,3,60,
2018,fall,8/18/2018,N4B,M,1,2,30,
2018,spring,5/30/2018,N4B,M,1,103,3,
2018,spring,5/30/2018,N4B,M,1,99,1,
2018,spring,5/30/2018,N4B,M,1,89,1,
2018,spring,5/30/2018,N4B,M,1,43,2,
2018,spring,5/30/2018,N4B,M,1,34,3,
2018,spring,5/30/2018,N4B,M,1,33,1,
2018,spring,5/30/2018,N4B,M,1,14,3,
2018,fall,8/18/2018,N4B,M,2,999,1,litter
2018,fall,8/18/2018,N4B,M,2,134,1,
2018,fall,8/18/2018,N4B,M,2,58,6,
2018,fall,8/18/2018,N4B,M,2,52,2,
2018,fall,8/18/2018,N4B,M,2,46,1,
2018,fall,8/18/2018,N4B,M,2,18,3,
2018,fall,8/18/2018,N4B,M,2,14,3,
2018,fall,8/18/2018,N4B,M,2,4,25,
2018,fall,8/18/2018,N4B,M,2,3,60,
2018,fall,8/18/2018,N4B,M,2,2,40,
2018,spring,5/30/2018,N4B,M,2,134,1,
2018,spring,5/30/2018,N4B,M,2,103,3,
2018,spring,5/30/2018,N4B,M,2,92,1,
2018,spring,5/30/2018,N4B,M,2,89,1,
2018,spring,5/30/2018,N4B,M,2,34,3,
2018,spring,5/30/2018,N4B,M,2,14,4,
2018,fall,8/18/2018,N4B,M,3,140,1,
2018,fall,8/18/2018,N4B,M,3,127,5,
2018,fall,8/18/2018,N4B,M,3,120,1,
2018,fall,8/18/2018,N4B,M,3,86,2,
2018,fall,8/18/2018,N4B,M,3,58,2,
2018,fall,8/18/2018,N4B,M,3,46,1,
2018,fall,8/18/2018,N4B,M,3,33,1,
2018,fall,8/18/2018,N4B,M,3,21,1,
2018,fall,8/18/2018,N4B,M,3,18,4,
2018,fall,8/18/2018,N4B,M,3,14,1,
2018,fall,8/18/2018,N4B,M,3,11,2,
2018,fall,8/18/2018,N4B,M,3,4,20,
2018,fall,8/18/2018,N4B,M,3,3,45,
2018,fall,8/18/2018,N4B,M,3,2,25,
2018,spring,5/30/2018,N4B,M,3,519,1,
2018,spring,5/30/2018,N4B,M,3,120,2,
2018,spring,5/30/2018,N4B,M,3,103,2,
2018,spring,5/30/2018,N4B,M,3,99,1,
2018,spring,5/30/2018,N4B,M,3,93,1,
2018,spring,5/30/2018,N4B,M,3,92,1,
2018,spring,5/30/2018,N4B,M,3,34,1,
2018,spring,5/30/2018,N4B,M,3,33,1,
2018,spring,5/30/2018,N4B,M,3,14,2,
2018,fall,8/18/2018,N4B,M,4,140,2,
2018,fall,8/18/2018,N4B,M,4,127,1,
2018,fall,8/18/2018,N4B,M,4,92,1,
2018,fall,8/18/2018,N4B,M,4,86,1,
2018,fall,8/18/2018,N4B,M,4,58,7,
2018,fall,8/18/2018,N4B,M,4,52,1,
2018,fall,8/18/2018,N4B,M,4,46,1,
2018,fall,8/18/2018,N4B,M,4,18,5,
2018,fall,8/18/2018,N4B,M,4,15,1,
2018,fall,8/18/2018,N4B,M,4,14,2,
2018,fall,8/18/2018,N4B,M,4,11,5,
2018,fall,8/18/2018,N4B,M,4,4,9,
2018,fall,8/18/2018,N4B,M,4,3,55,
2018,fall,8/18/2018,N4B,M,4,2,40,
2018,spring,5/30/2018,N4B,M,4,139,1,
2018,spring,5/30/2018,N4B,M,4,120,1,
2018,spring,5/30/2018,N4B,M,4,103,1,
2018,spring,5/30/2018,N4B,M,4,92,1,
2018,spring,5/30/2018,N4B,M,4,34,1,
2018,spring,5/30/2018,N4B,M,4,33,2,
2018,spring,5/30/2018,N4B,M,4,14,2,
2018,spring,5/30/2018,N4B,M,4,11,1,
2018,fall,8/18/2018,N4B,M,5,92,1,
2018,fall,8/18/2018,N4B,M,5,86,1,
2018,fall,8/18/2018,N4B,M,5,58,6,
2018,fall,8/18/2018,N4B,M,5,52,1,
2018,fall,8/18/2018,N4B,M,5,46,1,
2018,fall,8/18/2018,N4B,M,5,18,5,
2018,fall,8/18/2018,N4B,M,5,14,2,
2018,fall,8/18/2018,N4B,M,5,11,4,
2018,fall,8/18/2018,N4B,M,5,4,5,
2018,fall,8/18/2018,N4B,M,5,3,18,
2018,fall,8/18/2018,N4B,M,5,2,65,
2018,spring,5/30/2018,N4B,M,5,407,2,
2018,spring,5/30/2018,N4B,M,5,139,1,
2018,spring,5/30/2018,N4B,M,5,132,1,
2018,spring,5/30/2018,N4B,M,5,118,1,
2018,spring,5/30/2018,N4B,M,5,111,1,
2018,spring,5/30/2018,N4B,M,5,109,1,
2018,spring,5/30/2018,N4B,M,5,89,1,
2018,spring,5/30/2018,N4B,M,5,70,8,
2018,spring,5/30/2018,N4B,M,5,69,1,
2018,spring,5/30/2018,N4B,M,5,34,3,
2018,spring,5/30/2018,N4B,M,5,33,2,
2018,spring,5/30/2018,N4B,M,5,14,3,
2018,fall,8/18/2018,N4B,M,6,140,4,
2018,fall,8/18/2018,N4B,M,6,130,5,
2018,fall,8/18/2018,N4B,M,6,127,4,
2018,fall,8/18/2018,N4B,M,6,121,2,
2018,fall,8/18/2018,N4B,M,6,86,1,
2018,fall,8/18/2018,N4B,M,6,69,1,
2018,fall,8/18/2018,N4B,M,6,58,2,
2018,fall,8/18/2018,N4B,M,6,43,1,
2018,fall,8/18/2018,N4B,M,6,34,1,
2018,fall,8/18/2018,N4B,M,6,21,4,
2018,fall,8/18/2018,N4B,M,6,18,5,
2018,fall,8/18/2018,N4B,M,6,14,2,
2018,fall,8/18/2018,N4B,M,6,11,1,
2018,fall,8/18/2018,N4B,M,6,4,8,
2018,fall,8/18/2018,N4B,M,6,3,75,
2018,fall,8/18/2018,N4B,M,6,2,20,
2018,spring,5/30/2018,N4B,M,6,134,1,
2018,spring,5/30/2018,N4B,M,6,120,1,
2018,spring,5/30/2018,N4B,M,6,103,1,
2018,spring,5/30/2018,N4B,M,6,102,1,
2018,spring,5/30/2018,N4B,M,6,99,1,
2018,spring,5/30/2018,N4B,M,6,89,1,
2018,spring,5/30/2018,N4B,M,6,69,5,
2018,spring,5/30/2018,N4B,M,6,55,1,
2018,spring,5/30/2018,N4B,M,6,43,4,
2018,spring,5/30/2018,N4B,M,6,31,1,
2018,spring,5/30/2018,N4B,M,6,14,6,
2018,fall,8/18/2018,N4B,N,1,999,2,litter
2018,fall,8/18/2018,N4B,N,1,130,1,
2018,fall,8/18/2018,N4B,N,1,124,1,
2018,fall,8/18/2018,N4B,N,1,120,2,
2018,fall,8/18/2018,N4B,N,1,90,2,
2018,fall,8/18/2018,N4B,N,1,86,2,
2018,fall,8/18/2018,N4B,N,1,58,7,
2018,fall,8/18/2018,N4B,N,1,52,2,
2018,fall,8/18/2018,N4B,N,1,50,1,
2018,fall,8/18/2018,N4B,N,1,46,1,
2018,fall,8/18/2018,N4B,N,1,34,1,
2018,fall,8/18/2018,N4B,N,1,33,1,
2018,fall,8/18/2018,N4B,N,1,31,1,
2018,fall,8/18/2018,N4B,N,1,21,2,
2018,fall,8/18/2018,N4B,N,1,18,8,
2018,fall,8/18/2018,N4B,N,1,15,1,
2018,fall,8/18/2018,N4B,N,1,14,5,
2018,fall,8/18/2018,N4B,N,1,11,3,
2018,fall,8/18/2018,N4B,N,1,4,5,
2018,fall,8/18/2018,N4B,N,1,3,70,
2018,fall,8/18/2018,N4B,N,1,2,10,
2018,spring,5/30/2018,N4B,N,1,300,1,
2018,spring,5/30/2018,N4B,N,1,143,1,
2018,spring,5/30/2018,N4B,N,1,120,1,
2018,spring,5/30/2018,N4B,N,1,103,1,
2018,spring,5/30/2018,N4B,N,1,50,1,
2018,spring,5/30/2018,N4B,N,1,33,1,
2018,spring,5/30/2018,N4B,N,1,31,1,
2018,spring,5/30/2018,N4B,N,1,14,9,
2018,fall,8/18/2018,N4B,N,2,218,2,
2018,fall,8/18/2018,N4B,N,2,143,28,
2018,fall,8/18/2018,N4B,N,2,120,1,
2018,fall,8/18/2018,N4B,N,2,69,1,
2018,fall,8/18/2018,N4B,N,2,58,1,
2018,fall,8/18/2018,N4B,N,2,52,3,
2018,fall,8/18/2018,N4B,N,2,46,3,
2018,fall,8/18/2018,N4B,N,2,21,2,
2018,fall,8/18/2018,N4B,N,2,18,8,
2018,fall,8/18/2018,N4B,N,2,15,8,
2018,fall,8/18/2018,N4B,N,2,14,7,
2018,fall,8/18/2018,N4B,N,2,11,5,
2018,fall,8/18/2018,N4B,N,2,4,20,
2018,fall,8/18/2018,N4B,N,2,3,35,
2018,fall,8/18/2018,N4B,N,2,2,25,
2018,spring,5/30/2018,N4B,N,2,519,2,
2018,spring,5/30/2018,N4B,N,2,143,22,
2018,spring,5/30/2018,N4B,N,2,120,1,
2018,spring,5/30/2018,N4B,N,2,103,1,
2018,spring,5/30/2018,N4B,N,2,90,2,
2018,spring,5/30/2018,N4B,N,2,69,1,
2018,spring,5/30/2018,N4B,N,2,33,1,
2018,spring,5/30/2018,N4B,N,2,14,3,
2018,fall,8/18/2018,N4B,N,3,340,4,
2018,fall,8/18/2018,N4B,N,3,120,1,
2018,fall,8/18/2018,N4B,N,3,90,5,
2018,fall,8/18/2018,N4B,N,3,58,18,
2018,fall,8/18/2018,N4B,N,3,52,7,
2018,fall,8/18/2018,N4B,N,3,46,1,
2018,fall,8/18/2018,N4B,N,3,31,2,
2018,fall,8/18/2018,N4B,N,3,18,2,
2018,fall,8/18/2018,N4B,N,3,14,6,
2018,fall,8/18/2018,N4B,N,3,11,6,
2018,fall,8/18/2018,N4B,N,3,4,27,
2018,fall,8/18/2018,N4B,N,3,3,55,
2018,fall,8/18/2018,N4B,N,3,2,30,
2018,spring,5/30/2018,N4B,N,3,120,1,
2018,spring,5/30/2018,N4B,N,3,111,1,
2018,spring,5/30/2018,N4B,N,3,90,4,
2018,spring,5/30/2018,N4B,N,3,43,1,
2018,spring,5/30/2018,N4B,N,3,34,1,
2018,spring,5/30/2018,N4B,N,3,33,1,
2018,spring,5/30/2018,N4B,N,3,31,1,
2018,spring,5/30/2018,N4B,N,3,14,3,
2018,fall,8/18/2018,N4B,N,4,140,1,
2018,fall,8/18/2018,N4B,N,4,58,9,
2018,fall,8/18/2018,N4B,N,4,52,5,
2018,fall,8/18/2018,N4B,N,4,46,1,
2018,fall,8/18/2018,N4B,N,4,31,2,
2018,fall,8/18/2018,N4B,N,4,21,3,
2018,fall,8/18/2018,N4B,N,4,18,12,
2018,fall,8/18/2018,N4B,N,4,14,2,
2018,fall,8/18/2018,N4B,N,4,4,25,
2018,fall,8/18/2018,N4B,N,4,3,60,
2018,fall,8/18/2018,N4B,N,4,2,40,
2018,spring,5/30/2018,N4B,N,4,120,1,
2018,spring,5/30/2018,N4B,N,4,118,1,
2018,spring,5/30/2018,N4B,N,4,103,3,
2018,spring,5/30/2018,N4B,N,4,90,1,
2018,spring,5/30/2018,N4B,N,4,50,3,
2018,spring,5/30/2018,N4B,N,4,34,1,
2018,spring,5/30/2018,N4B,N,4,33,1,
2018,spring,5/30/2018,N4B,N,4,31,4,
2018,spring,5/30/2018,N4B,N,4,14,2,
2018,fall,8/18/2018,N4B,N,5,127,3,
2018,fall,8/18/2018,N4B,N,5,120,3,
2018,fall,8/18/2018,N4B,N,5,90,2,
2018,fall,8/18/2018,N4B,N,5,58,6,
2018,fall,8/18/2018,N4B,N,5,52,1,
2018,fall,8/18/2018,N4B,N,5,18,2,
2018,fall,8/18/2018,N4B,N,5,14,7,
2018,fall,8/18/2018,N4B,N,5,4,4,
2018,fall,8/18/2018,N4B,N,5,3,85,
2018,fall,8/18/2018,N4B,N,5,2,12,
2018,spring,5/30/2018,N4B,N,5,300,1,
2018,spring,5/30/2018,N4B,N,5,120,2,
2018,spring,5/30/2018,N4B,N,5,103,1,
2018,spring,5/30/2018,N4B,N,5,90,1,
2018,spring,5/30/2018,N4B,N,5,34,1,
2018,spring,5/30/2018,N4B,N,5,33,1,
2018,spring,5/30/2018,N4B,N,5,31,2,
2018,spring,5/30/2018,N4B,N,5,14,4,
2018,fall,8/18/2018,N4B,N,6,340,3,
2018,fall,8/18/2018,N4B,N,6,127,2,
2018,fall,8/18/2018,N4B,N,6,126,1,
2018,fall,8/18/2018,N4B,N,6,90,1,
2018,fall,8/18/2018,N4B,N,6,86,1,
2018,fall,8/18/2018,N4B,N,6,58,5,
2018,fall,8/18/2018,N4B,N,6,55,1,
2018,fall,8/18/2018,N4B,N,6,52,2,
2018,fall,8/18/2018,N4B,N,6,44,1,
2018,fall,8/18/2018,N4B,N,6,43,4,
2018,fall,8/18/2018,N4B,N,6,21,2,
2018,fall,8/18/2018,N4B,N,6,18,18,
2018,fall,8/18/2018,N4B,N,6,14,4,
2018,fall,8/18/2018,N4B,N,6,11,8,
2018,fall,8/18/2018,N4B,N,6,3,50,
2018,fall,8/18/2018,N4B,N,6,2,35,
2018,spring,5/30/2018,N4B,N,6,206,1,
2018,spring,5/30/2018,N4B,N,6,140,1,
2018,spring,5/30/2018,N4B,N,6,120,1,
2018,spring,5/30/2018,N4B,N,6,90,3,
2018,spring,5/30/2018,N4B,N,6,55,1,
2018,spring,5/30/2018,N4B,N,6,43,4,
2018,spring,5/30/2018,N4B,N,6,34,2,
2018,spring,5/30/2018,N4B,N,6,33,1,
2018,spring,5/30/2018,N4B,N,6,31,2,
2018,spring,5/30/2018,N4B,N,6,11,1,
2018,fall,8/18/2018,N4B,O,1,999,1,litter
2018,fall,8/18/2018,N4B,O,1,997,1,dung
2018,fall,8/18/2018,N4B,O,1,124,1,
2018,fall,8/18/2018,N4B,O,1,122,4,
2018,fall,8/18/2018,N4B,O,1,109,4,
2018,fall,8/18/2018,N4B,O,1,59,2,
2018,fall,8/18/2018,N4B,O,1,58,1,
2018,fall,8/18/2018,N4B,O,1,21,1,
2018,fall,8/18/2018,N4B,O,1,18,3,
2018,fall,8/18/2018,N4B,O,1,14,2,
2018,fall,8/18/2018,N4B,O,1,11,2,
2018,fall,8/18/2018,N4B,O,1,4,20,
2018,fall,8/18/2018,N4B,O,1,3,50,
2018,fall,8/18/2018,N4B,O,1,2,25,
2018,spring,5/30/2018,N4B,O,1,122,8,
2018,spring,5/30/2018,N4B,O,1,109,4,
2018,spring,5/30/2018,N4B,O,1,103,1,
2018,spring,5/30/2018,N4B,O,1,90,1,
2018,spring,5/30/2018,N4B,O,1,40,1,
2018,spring,5/30/2018,N4B,O,1,14,3,
2018,fall,8/18/2018,N4B,O,2,130,6,
2018,fall,8/18/2018,N4B,O,2,122,1,
2018,fall,8/18/2018,N4B,O,2,109,1,
2018,fall,8/18/2018,N4B,O,2,86,1,
2018,fall,8/18/2018,N4B,O,2,59,12,
2018,fall,8/18/2018,N4B,O,2,18,14,
2018,fall,8/18/2018,N4B,O,2,15,2,
2018,fall,8/18/2018,N4B,O,2,4,23,
2018,fall,8/18/2018,N4B,O,2,3,9,
2018,fall,8/18/2018,N4B,O,2,2,63,
2018,spring,5/30/2018,N4B,O,2,300,1,
2018,spring,5/30/2018,N4B,O,2,122,1,
2018,spring,5/30/2018,N4B,O,2,109,1,
2018,spring,5/30/2018,N4B,O,2,103,2,
2018,spring,5/30/2018,N4B,O,2,14,1,
2018,fall,8/18/2018,N4B,O,3,999,5,litter
2018,fall,8/18/2018,N4B,O,3,998,1,rock
2018,fall,8/18/2018,N4B,O,3,300,1,
2018,fall,8/18/2018,N4B,O,3,149,1,
2018,fall,8/18/2018,N4B,O,3,134,1,
2018,fall,8/18/2018,N4B,O,3,128,4,
2018,fall,8/18/2018,N4B,O,3,111,2,
2018,fall,8/18/2018,N4B,O,3,109,1,
2018,fall,8/18/2018,N4B,O,3,86,1,
2018,fall,8/18/2018,N4B,O,3,76,1,
2018,fall,8/18/2018,N4B,O,3,59,2,
2018,fall,8/18/2018,N4B,O,3,58,1,
2018,fall,8/18/2018,N4B,O,3,18,8,
2018,fall,8/18/2018,N4B,O,3,14,1,
2018,fall,8/18/2018,N4B,O,3,6,5,
2018,fall,8/18/2018,N4B,O,3,4,20,
2018,fall,8/18/2018,N4B,O,3,3,10,
2018,fall,8/18/2018,N4B,O,3,2,35,
2018,spring,5/30/2018,N4B,O,3,300,1,
2018,spring,5/30/2018,N4B,O,3,149,1,
2018,spring,5/30/2018,N4B,O,3,134,1,
2018,spring,5/30/2018,N4B,O,3,111,3,
2018,spring,5/30/2018,N4B,O,3,109,4,
2018,spring,5/30/2018,N4B,O,3,103,1,
2018,spring,5/30/2018,N4B,O,3,84,1,
2018,spring,5/30/2018,N4B,O,3,76,2,
2018,spring,5/30/2018,N4B,O,3,6,1,
2018,fall,8/18/2018,N4B,O,4,997,3,dung
2018,fall,8/18/2018,N4B,O,4,134,1,
2018,fall,8/18/2018,N4B,O,4,111,1,
2018,fall,8/18/2018,N4B,O,4,109,5,
2018,fall,8/18/2018,N4B,O,4,86,4,
2018,fall,8/18/2018,N4B,O,4,34,1,
2018,fall,8/18/2018,N4B,O,4,21,1,
2018,fall,8/18/2018,N4B,O,4,18,18,
2018,fall,8/18/2018,N4B,O,4,7,55,
2018,fall,8/18/2018,N4B,O,4,4,13,
2018,fall,8/18/2018,N4B,O,4,2,7,
2018,spring,5/30/2018,N4B,O,4,134,1,
2018,spring,5/30/2018,N4B,O,4,123,1,
2018,spring,5/30/2018,N4B,O,4,111,1,
2018,spring,5/30/2018,N4B,O,4,109,8,
2018,spring,5/30/2018,N4B,O,4,104,1,
2018,spring,5/30/2018,N4B,O,4,103,1,
2018,spring,5/30/2018,N4B,O,4,91,1,
2018,spring,5/30/2018,N4B,O,4,84,3,
2018,spring,5/30/2018,N4B,O,4,41,1,
2018,spring,5/30/2018,N4B,O,4,7,50,
2018,fall,8/18/2018,N4B,O,5,998,1,rock
2018,fall,8/18/2018,N4B,O,5,140,1,
2018,fall,8/18/2018,N4B,O,5,134,1,
2018,fall,8/18/2018,N4B,O,5,130,1,
2018,fall,8/18/2018,N4B,O,5,128,5,
2018,fall,8/18/2018,N4B,O,5,122,10,
2018,fall,8/18/2018,N4B,O,5,84,1,
2018,fall,8/18/2018,N4B,O,5,59,11,
2018,fall,8/18/2018,N4B,O,5,18,4,
2018,fall,8/18/2018,N4B,O,5,15,2,
2018,fall,8/18/2018,N4B,O,5,4,13,
2018,fall,8/18/2018,N4B,O,5,3,13,
2018,fall,8/18/2018,N4B,O,5,2,45,
2018,fall,8/18/2018,N4B,O,5,0,1,bare ground
2018,spring,5/30/2018,N4B,O,5,134,1,
2018,spring,5/30/2018,N4B,O,5,123,1,
2018,spring,5/30/2018,N4B,O,5,122,5,
2018,spring,5/30/2018,N4B,O,5,118,1,
2018,spring,5/30/2018,N4B,O,5,111,1,
2018,spring,5/30/2018,N4B,O,5,109,1,
2018,spring,5/30/2018,N4B,O,5,84,1,
2018,fall,8/18/2018,N4B,O,6,998,3,rock
2018,fall,8/18/2018,N4B,O,6,428,1,
2018,fall,8/18/2018,N4B,O,6,134,3,
2018,fall,8/18/2018,N4B,O,6,128,2,
2018,fall,8/18/2018,N4B,O,6,120,1,
2018,fall,8/18/2018,N4B,O,6,111,1,
2018,fall,8/18/2018,N4B,O,6,109,2,
2018,fall,8/18/2018,N4B,O,6,86,3,
2018,fall,8/18/2018,N4B,O,6,58,1,
2018,fall,8/18/2018,N4B,O,6,21,4,
2018,fall,8/18/2018,N4B,O,6,18,8,
2018,fall,8/18/2018,N4B,O,6,4,11,
2018,fall,8/18/2018,N4B,O,6,3,13,
2018,fall,8/18/2018,N4B,O,6,2,45,
2018,fall,8/18/2018,N4B,O,6,0,1,bare ground
2018,spring,5/30/2018,N4B,O,6,428,1,
2018,spring,5/30/2018,N4B,O,6,134,1,
2018,spring,5/30/2018,N4B,O,6,111,1,
2018,spring,5/30/2018,N4B,O,6,109,2,
2018,spring,5/30/2018,N4B,O,6,104,1,
2018,spring,5/30/2018,N4B,O,6,92,1,
2018,spring,5/30/2018,N4B,O,6,85,1,
2018,fall,8/18/2018,N4B,P,1,327,1,
2018,fall,8/18/2018,N4B,P,1,134,1,
2018,fall,8/18/2018,N4B,P,1,127,27,
2018,fall,8/18/2018,N4B,P,1,58,1,
2018,fall,8/18/2018,N4B,P,1,50,3,
2018,fall,8/18/2018,N4B,P,1,46,1,
2018,fall,8/18/2018,N4B,P,1,43,1,
2018,fall,8/18/2018,N4B,P,1,42,3,
2018,fall,8/18/2018,N4B,P,1,18,4,
2018,fall,8/18/2018,N4B,P,1,15,2,
2018,fall,8/18/2018,N4B,P,1,14,2,
2018,fall,8/18/2018,N4B,P,1,4,40,
2018,fall,8/18/2018,N4B,P,1,3,1,
2018,fall,8/18/2018,N4B,P,1,2,50,
2018,spring,5/30/2018,N4B,P,1,138,3,
2018,spring,5/30/2018,N4B,P,1,134,1,
2018,spring,5/30/2018,N4B,P,1,120,1,
2018,spring,5/30/2018,N4B,P,1,103,1,
2018,spring,5/30/2018,N4B,P,1,50,4,
2018,spring,5/30/2018,N4B,P,1,43,2,
2018,spring,5/30/2018,N4B,P,1,42,1,
2018,spring,5/30/2018,N4B,P,1,14,2,
2018,fall,8/18/2018,N4B,P,2,999,4,litter
2018,fall,8/18/2018,N4B,P,2,300,1,
2018,fall,8/18/2018,N4B,P,2,140,3,
2018,fall,8/18/2018,N4B,P,2,126,5,
2018,fall,8/18/2018,N4B,P,2,84,1,
2018,fall,8/18/2018,N4B,P,2,72,6,
2018,fall,8/18/2018,N4B,P,2,58,1,
2018,fall,8/18/2018,N4B,P,2,55,1,
2018,fall,8/18/2018,N4B,P,2,50,13,
2018,fall,8/18/2018,N4B,P,2,43,45,
2018,fall,8/18/2018,N4B,P,2,34,1,
2018,fall,8/18/2018,N4B,P,2,4,30,
2018,fall,8/18/2018,N4B,P,2,2,7,
2018,spring,5/30/2018,N4B,P,2,134,1,
2018,spring,5/30/2018,N4B,P,2,126,3,
2018,spring,5/30/2018,N4B,P,2,111,2,
2018,spring,5/30/2018,N4B,P,2,103,3,
2018,spring,5/30/2018,N4B,P,2,84,1,
2018,spring,5/30/2018,N4B,P,2,55,1,
2018,spring,5/30/2018,N4B,P,2,50,12,
2018,spring,5/30/2018,N4B,P,2,43,60,
2018,spring,5/30/2018,N4B,P,2,14,1,
2018,fall,8/18/2018,N4B,P,3,999,2,litter
2018,fall,8/18/2018,N4B,P,3,998,2,rock
2018,fall,8/18/2018,N4B,P,3,211,1,
2018,fall,8/18/2018,N4B,P,3,140,9,
2018,fall,8/18/2018,N4B,P,3,111,2,
2018,fall,8/18/2018,N4B,P,3,109,1,
2018,fall,8/18/2018,N4B,P,3,86,3,
2018,fall,8/18/2018,N4B,P,3,72,4,
2018,fall,8/18/2018,N4B,P,3,59,2,
2018,fall,8/18/2018,N4B,P,3,58,4,
2018,fall,8/18/2018,N4B,P,3,50,10,
2018,fall,8/18/2018,N4B,P,3,18,18,
2018,fall,8/18/2018,N4B,P,3,11,2,
2018,fall,8/18/2018,N4B,P,3,4,30,
2018,fall,8/18/2018,N4B,P,3,3,10,
2018,fall,8/18/2018,N4B,P,3,2,35,
2018,spring,5/30/2018,N4B,P,3,111,1,
2018,spring,5/30/2018,N4B,P,3,109,1,
2018,spring,5/30/2018,N4B,P,3,104,1,
2018,spring,5/30/2018,N4B,P,3,103,1,
2018,spring,5/30/2018,N4B,P,3,84,1,
2018,spring,5/30/2018,N4B,P,3,72,1,
2018,spring,5/30/2018,N4B,P,3,50,13,
2018,spring,5/30/2018,N4B,P,3,43,1,
2018,fall,8/18/2018,N4B,P,4,999,1,litter
2018,fall,8/18/2018,N4B,P,4,997,2,dung
2018,fall,8/18/2018,N4B,P,4,998,5,rock
2018,fall,8/18/2018,N4B,P,4,327,1,
2018,fall,8/18/2018,N4B,P,4,300,1,
2018,fall,8/18/2018,N4B,P,4,130,6,
2018,fall,8/18/2018,N4B,P,4,109,2,
2018,fall,8/18/2018,N4B,P,4,93,1,
2018,fall,8/18/2018,N4B,P,4,86,2,
2018,fall,8/18/2018,N4B,P,4,76,1,
2018,fall,8/18/2018,N4B,P,4,46,1,
2018,fall,8/18/2018,N4B,P,4,21,4,
2018,fall,8/18/2018,N4B,P,4,18,8,
2018,fall,8/18/2018,N4B,P,4,6,5,
2018,fall,8/18/2018,N4B,P,4,4,25,
2018,fall,8/18/2018,N4B,P,4,3,15,
2018,fall,8/18/2018,N4B,P,4,2,35,
2018,fall,8/18/2018,N4B,P,4,0,2,bare ground
2018,spring,5/30/2018,N4B,P,4,109,3,
2018,spring,5/30/2018,N4B,P,4,104,1,
2018,spring,5/30/2018,N4B,P,4,94,1,
2018,spring,5/30/2018,N4B,P,4,76,1,
2018,spring,5/30/2018,N4B,P,4,6,1,
2018,fall,8/18/2018,N4B,P,5,998,1,rock
2018,fall,8/18/2018,N4B,P,5,327,1,
2018,fall,8/18/2018,N4B,P,5,134,1,
2018,fall,8/18/2018,N4B,P,5,124,1,
2018,fall,8/18/2018,N4B,P,5,122,3,
2018,fall,8/18/2018,N4B,P,5,109,4,
2018,fall,8/18/2018,N4B,P,5,93,1,
2018,fall,8/18/2018,N4B,P,5,76,1,
2018,fall,8/18/2018,N4B,P,5,59,4,
2018,fall,8/18/2018,N4B,P,5,58,1,
2018,fall,8/18/2018,N4B,P,5,55,1,
2018,fall,8/18/2018,N4B,P,5,46,1,
2018,fall,8/18/2018,N4B,P,5,33,1,
2018,fall,8/18/2018,N4B,P,5,21,1,
2018,fall,8/18/2018,N4B,P,5,18,10,
2018,fall,8/18/2018,N4B,P,5,4,75,
2018,fall,8/18/2018,N4B,P,5,2,13,
2018,spring,5/30/2018,N4B,P,5,134,1,
2018,spring,5/30/2018,N4B,P,5,111,1,
2018,spring,5/30/2018,N4B,P,5,109,7,
2018,spring,5/30/2018,N4B,P,5,84,1,
2018,spring,5/30/2018,N4B,P,5,76,5,
2018,spring,5/30/2018,N4B,P,5,50,1,
2018,fall,8/18/2018,N4B,P,6,999,1,litter
2018,fall,8/18/2018,N4B,P,6,997,4,dung
2018,fall,8/18/2018,N4B,P,6,998,1,rock
2018,fall,8/18/2018,N4B,P,6,134,1,
2018,fall,8/18/2018,N4B,P,6,124,1,
2018,fall,8/18/2018,N4B,P,6,109,2,
2018,fall,8/18/2018,N4B,P,6,92,1,
2018,fall,8/18/2018,N4B,P,6,86,2,
2018,fall,8/18/2018,N4B,P,6,72,1,
2018,fall,8/18/2018,N4B,P,6,59,4,
2018,fall,8/18/2018,N4B,P,6,58,5,
2018,fall,8/18/2018,N4B,P,6,18,8,
2018,fall,8/18/2018,N4B,P,6,15,2,
2018,fall,8/18/2018,N4B,P,6,4,55,
2018,fall,8/18/2018,N4B,P,6,3,11,
2018,fall,8/18/2018,N4B,P,6,2,20,
2018,spring,5/30/2018,N4B,P,6,134,2,
2018,spring,5/30/2018,N4B,P,6,109,2,
2018,spring,5/30/2018,N4B,P,6,92,1,
2018,spring,5/30/2018,N4B,P,6,72,1,
2018,spring,5/30/2018,N4B,P,6,61,1,
2018,spring,5/30/2018,N4B,P,6,50,3,
2018,spring,5/30/2018,N4B,P,6,44,2,
2018,fall,8/18/2018,N4B,Q,1,999,2,litter
2018,fall,8/18/2018,N4B,Q,1,327,1,
2018,fall,8/18/2018,N4B,Q,1,300,1,
2018,fall,8/18/2018,N4B,Q,1,151,1,
2018,fall,8/18/2018,N4B,Q,1,134,17,
2018,fall,8/18/2018,N4B,Q,1,122,6,
2018,fall,8/18/2018,N4B,Q,1,111,2,
2018,fall,8/18/2018,N4B,Q,1,109,2,
2018,fall,8/18/2018,N4B,Q,1,72,2,
2018,fall,8/18/2018,N4B,Q,1,21,12,
2018,fall,8/18/2018,N4B,Q,1,18,1,
2018,fall,8/18/2018,N4B,Q,1,11,2,
2018,fall,8/18/2018,N4B,Q,1,7,15,
2018,fall,8/18/2018,N4B,Q,1,4,60,
2018,fall,8/18/2018,N4B,Q,1,2,12,
2018,spring,5/30/2018,N4B,Q,1,327,1,
2018,spring,5/30/2018,N4B,Q,1,300,1,
2018,spring,5/30/2018,N4B,Q,1,138,1,
2018,spring,5/30/2018,N4B,Q,1,134,1,
2018,spring,5/30/2018,N4B,Q,1,122,7,
2018,spring,5/30/2018,N4B,Q,1,116,1,
2018,spring,5/30/2018,N4B,Q,1,114,2,
2018,spring,5/30/2018,N4B,Q,1,111,1,
2018,spring,5/30/2018,N4B,Q,1,109,4,
2018,spring,5/30/2018,N4B,Q,1,94,2,
2018,spring,5/30/2018,N4B,Q,1,90,1,
2018,spring,5/30/2018,N4B,Q,1,78,1,
2018,spring,5/30/2018,N4B,Q,1,72,1,
2018,spring,5/30/2018,N4B,Q,1,43,1,
2018,spring,5/30/2018,N4B,Q,1,14,1,
2018,spring,5/30/2018,N4B,Q,1,7,15,
2018,spring,5/30/2018,N4B,Q,1,6,2,
2018,fall,8/18/2018,N4B,Q,2,999,1,litter
2018,fall,8/18/2018,N4B,Q,2,998,1,rock
2018,fall,8/18/2018,N4B,Q,2,407,2,
2018,fall,8/18/2018,N4B,Q,2,300,1,
2018,fall,8/18/2018,N4B,Q,2,149,1,
2018,fall,8/18/2018,N4B,Q,2,130,1,
2018,fall,8/18/2018,N4B,Q,2,124,1,
2018,fall,8/18/2018,N4B,Q,2,86,7,
2018,fall,8/18/2018,N4B,Q,2,76,2,
2018,fall,8/18/2018,N4B,Q,2,58,2,
2018,fall,8/18/2018,N4B,Q,2,6,21,
2018,fall,8/18/2018,N4B,Q,2,4,40,
2018,fall,8/18/2018,N4B,Q,2,3,5,
2018,fall,8/18/2018,N4B,Q,2,2,12,
2018,spring,5/30/2018,N4B,Q,2,300,1,
2018,spring,5/30/2018,N4B,Q,2,149,1,
2018,spring,5/30/2018,N4B,Q,2,109,1,
2018,spring,5/30/2018,N4B,Q,2,85,2,
2018,spring,5/30/2018,N4B,Q,2,76,1,
2018,spring,5/30/2018,N4B,Q,2,6,8,
2018,fall,8/18/2018,N4B,Q,3,999,2,litter
2018,fall,8/18/2018,N4B,Q,3,998,1,rock
2018,fall,8/18/2018,N4B,Q,3,327,1,
2018,fall,8/18/2018,N4B,Q,3,140,2,
2018,fall,8/18/2018,N4B,Q,3,130,1,
2018,fall,8/18/2018,N4B,Q,3,127,5,
2018,fall,8/18/2018,N4B,Q,3,120,1,
2018,fall,8/18/2018,N4B,Q,3,109,2,
2018,fall,8/18/2018,N4B,Q,3,59,1,
2018,fall,8/18/2018,N4B,Q,3,58,1,
2018,fall,8/18/2018,N4B,Q,3,55,1,
2018,fall,8/18/2018,N4B,Q,3,21,16,
2018,fall,8/18/2018,N4B,Q,3,4,25,
2018,fall,8/18/2018,N4B,Q,3,2,45,
2018,fall,8/18/2018,N4B,Q,3,0,1,bare ground
2018,spring,5/30/2018,N4B,Q,3,120,1,
2018,spring,5/30/2018,N4B,Q,3,114,1,
2018,spring,5/30/2018,N4B,Q,3,109,5,
2018,spring,5/30/2018,N4B,Q,3,38,9,
2018,fall,8/18/2018,N4B,Q,4,999,1,litter
2018,fall,8/18/2018,N4B,Q,4,300,1,
2018,fall,8/18/2018,N4B,Q,4,150,15,
2018,fall,8/18/2018,N4B,Q,4,140,4,
2018,fall,8/18/2018,N4B,Q,4,134,1,
2018,fall,8/18/2018,N4B,Q,4,122,1,
2018,fall,8/18/2018,N4B,Q,4,111,9,
2018,fall,8/18/2018,N4B,Q,4,91,8,
2018,fall,8/18/2018,N4B,Q,4,84,1,
2018,fall,8/18/2018,N4B,Q,4,76,1,
2018,fall,8/18/2018,N4B,Q,4,59,6,
2018,fall,8/18/2018,N4B,Q,4,55,1,
2018,fall,8/18/2018,N4B,Q,4,23,10,
2018,fall,8/18/2018,N4B,Q,4,21,1,
2018,fall,8/18/2018,N4B,Q,4,18,6,
2018,fall,8/18/2018,N4B,Q,4,4,65,
2018,fall,8/18/2018,N4B,Q,4,2,12,
2018,spring,5/30/2018,N4B,Q,4,300,1,
2018,spring,5/30/2018,N4B,Q,4,134,1,
2018,spring,5/30/2018,N4B,Q,4,123,1,
2018,spring,5/30/2018,N4B,Q,4,122,3,
2018,spring,5/30/2018,N4B,Q,4,116,4,
2018,spring,5/30/2018,N4B,Q,4,114,1,
2018,spring,5/30/2018,N4B,Q,4,111,9,
2018,spring,5/30/2018,N4B,Q,4,109,1,
2018,spring,5/30/2018,N4B,Q,4,91,2,
2018,spring,5/30/2018,N4B,Q,4,84,1,
2018,spring,5/30/2018,N4B,Q,4,76,1,
2018,fall,8/18/2018,N4B,Q,5,997,1,dung
2018,fall,8/18/2018,N4B,Q,5,300,1,
2018,fall,8/18/2018,N4B,Q,5,122,35,
2018,fall,8/18/2018,N4B,Q,5,76,2,
2018,fall,8/18/2018,N4B,Q,5,59,3,
2018,fall,8/18/2018,N4B,Q,5,58,4,
2018,fall,8/18/2018,N4B,Q,5,46,1,
2018,fall,8/18/2018,N4B,Q,5,34,1,
2018,fall,8/18/2018,N4B,Q,5,18,6,
2018,fall,8/18/2018,N4B,Q,5,15,3,
2018,fall,8/18/2018,N4B,Q,5,6,5,
2018,fall,8/18/2018,N4B,Q,5,4,8,
2018,fall,8/18/2018,N4B,Q,5,3,45,
2018,fall,8/18/2018,N4B,Q,5,2,50,
2018,spring,5/30/2018,N4B,Q,5,300,1,
2018,spring,5/30/2018,N4B,Q,5,122,55,
2018,spring,5/30/2018,N4B,Q,5,114,2,
2018,spring,5/30/2018,N4B,Q,5,94,1,
2018,spring,5/30/2018,N4B,Q,5,84,1,
2018,spring,5/30/2018,N4B,Q,5,76,10,
2018,fall,8/18/2018,N4B,Q,6,999,1,litter
2018,fall,8/18/2018,N4B,Q,6,327,1,
2018,fall,8/18/2018,N4B,Q,6,140,12,
2018,fall,8/18/2018,N4B,Q,6,127,10,
2018,fall,8/18/2018,N4B,Q,6,126,3,
2018,fall,8/18/2018,N4B,Q,6,122,2,
2018,fall,8/18/2018,N4B,Q,6,120,1,
2018,fall,8/18/2018,N4B,Q,6,72,1,
2018,fall,8/18/2018,N4B,Q,6,55,2,
2018,fall,8/18/2018,N4B,Q,6,43,7,
2018,fall,8/18/2018,N4B,Q,6,42,1,
2018,fall,8/18/2018,N4B,Q,6,33,1,
2018,fall,8/18/2018,N4B,Q,6,23,3,
2018,fall,8/18/2018,N4B,Q,6,21,3,
2018,fall,8/18/2018,N4B,Q,6,14,1,
2018,fall,8/18/2018,N4B,Q,6,4,80,
2018,fall,8/18/2018,N4B,Q,6,3,1,
2018,fall,8/18/2018,N4B,Q,6,2,4,
2018,spring,5/30/2018,N4B,Q,6,138,1,
2018,spring,5/30/2018,N4B,Q,6,126,5,
2018,spring,5/30/2018,N4B,Q,6,122,3,
2018,spring,5/30/2018,N4B,Q,6,120,2,
2018,spring,5/30/2018,N4B,Q,6,114,1,
2018,spring,5/30/2018,N4B,Q,6,111,4,
2018,spring,5/30/2018,N4B,Q,6,103,7,
2018,spring,5/30/2018,N4B,Q,6,72,1,
2018,spring,5/30/2018,N4B,Q,6,69,1,
2018,spring,5/30/2018,N4B,Q,6,55,2,
2018,spring,5/30/2018,N4B,Q,6,43,12,
2018,spring,5/30/2018,N4B,Q,6,42,1,
2018,spring,5/30/2018,N4B,Q,6,14,1,
2018,fall,8/18/2018,N4B,R,1,999,2,litter
2018,fall,8/18/2018,N4B,R,1,998,13,rock
2018,fall,8/18/2018,N4B,R,1,130,3,
2018,fall,8/18/2018,N4B,R,1,109,1,
2018,fall,8/18/2018,N4B,R,1,93,1,
2018,fall,8/18/2018,N4B,R,1,91,7,
2018,fall,8/18/2018,N4B,R,1,72,1,
2018,fall,8/18/2018,N4B,R,1,46,1,
2018,fall,8/18/2018,N4B,R,1,18,2,
2018,fall,8/18/2018,N4B,R,1,4,15,
2018,fall,8/18/2018,N4B,R,1,3,23,
2018,fall,8/18/2018,N4B,R,1,2,20,
2018,fall,8/18/2018,N4B,R,1,0,5,bare ground
2018,spring,5/30/2018,N4B,R,1,149,1,
2018,spring,5/30/2018,N4B,R,1,125,1,
2018,spring,5/30/2018,N4B,R,1,116,1,
2018,spring,5/30/2018,N4B,R,1,109,1,
2018,spring,5/30/2018,N4B,R,1,92,1,
2018,spring,5/30/2018,N4B,R,1,91,7,
2018,spring,5/30/2018,N4B,R,1,76,1,
2018,spring,5/30/2018,N4B,R,1,72,1,
2018,spring,5/30/2018,N4B,R,1,61,1,
2018,spring,5/30/2018,N4B,R,1,34,1,
2018,fall,8/18/2018,N4B,R,2,999,1,litter
2018,fall,8/18/2018,N4B,R,2,998,2,rock
2018,fall,8/18/2018,N4B,R,2,130,2,
2018,fall,8/18/2018,N4B,R,2,111,1,
2018,fall,8/18/2018,N4B,R,2,109,1,
2018,fall,8/18/2018,N4B,R,2,91,3,
2018,fall,8/18/2018,N4B,R,2,76,1,
2018,fall,8/18/2018,N4B,R,2,72,1,
2018,fall,8/18/2018,N4B,R,2,58,1,
2018,fall,8/18/2018,N4B,R,2,41,3,
2018,fall,8/18/2018,N4B,R,2,18,5,
2018,fall,8/18/2018,N4B,R,2,6,3,
2018,fall,8/18/2018,N4B,R,2,4,30,
2018,fall,8/18/2018,N4B,R,2,3,5,
2018,fall,8/18/2018,N4B,R,2,2,45,
2018,fall,8/18/2018,N4B,R,2,0,3,bare ground
2018,spring,5/30/2018,N4B,R,2,125,2,
2018,spring,5/30/2018,N4B,R,2,122,2,
2018,spring,5/30/2018,N4B,R,2,111,1,
2018,spring,5/30/2018,N4B,R,2,109,1,
2018,spring,5/30/2018,N4B,R,2,104,1,
2018,spring,5/30/2018,N4B,R,2,91,1,
2018,spring,5/30/2018,N4B,R,2,76,2,
2018,spring,5/30/2018,N4B,R,2,72,1,
2018,spring,5/30/2018,N4B,R,2,41,2,
2018,fall,8/18/2018,N4B,R,3,997,2,dung
2018,fall,8/18/2018,N4B,R,3,998,6,rock
2018,fall,8/18/2018,N4B,R,3,300,1,
2018,fall,8/18/2018,N4B,R,3,138,2,
2018,fall,8/18/2018,N4B,R,3,130,1,
2018,fall,8/18/2018,N4B,R,3,124,2,
2018,fall,8/18/2018,N4B,R,3,111,3,
2018,fall,8/18/2018,N4B,R,3,59,12,
2018,fall,8/18/2018,N4B,R,3,18,3,
2018,fall,8/18/2018,N4B,R,3,15,2,
2018,fall,8/18/2018,N4B,R,3,6,12,
2018,fall,8/18/2018,N4B,R,3,4,40,
2018,fall,8/18/2018,N4B,R,3,3,5,
2018,fall,8/18/2018,N4B,R,3,2,15,
2018,fall,8/18/2018,N4B,R,3,0,10,bare ground
2018,spring,5/30/2018,N4B,R,3,138,1,
2018,spring,5/30/2018,N4B,R,3,114,1,
2018,spring,5/30/2018,N4B,R,3,111,4,
2018,spring,5/30/2018,N4B,R,3,76,1,
2018,spring,5/30/2018,N4B,R,3,7,3,
2018,spring,5/30/2018,N4B,R,3,6,2,
2018,fall,8/18/2018,N4B,R,4,999,2,litter
2018,fall,8/18/2018,N4B,R,4,327,1,
2018,fall,8/18/2018,N4B,R,4,130,1,
2018,fall,8/18/2018,N4B,R,4,127,7,
2018,fall,8/18/2018,N4B,R,4,120,1,
2018,fall,8/18/2018,N4B,R,4,72,1,
2018,fall,8/18/2018,N4B,R,4,58,2,
2018,fall,8/18/2018,N4B,R,4,55,1,
2018,fall,8/18/2018,N4B,R,4,21,17,
2018,fall,8/18/2018,N4B,R,4,18,12,
2018,fall,8/18/2018,N4B,R,4,4,15,
2018,fall,8/18/2018,N4B,R,4,3,3,
2018,fall,8/18/2018,N4B,R,4,2,30,
2018,spring,5/30/2018,N4B,R,4,327,1,
2018,spring,5/30/2018,N4B,R,4,120,1,
2018,spring,5/30/2018,N4B,R,4,114,1,
2018,spring,5/30/2018,N4B,R,4,103,1,
2018,spring,5/30/2018,N4B,R,4,72,1,
2018,spring,5/30/2018,N4B,R,4,56,4,
2018,spring,5/30/2018,N4B,R,4,55,1,
2018,spring,5/30/2018,N4B,R,4,34,10,
2018,fall,8/18/2018,N4B,R,5,999,1,litter
2018,fall,8/18/2018,N4B,R,5,997,1,dung
2018,fall,8/18/2018,N4B,R,5,327,1,
2018,fall,8/18/2018,N4B,R,5,134,3,
2018,fall,8/18/2018,N4B,R,5,127,9,
2018,fall,8/18/2018,N4B,R,5,120,1,
2018,fall,8/18/2018,N4B,R,5,111,1,
2018,fall,8/18/2018,N4B,R,5,92,1,
2018,fall,8/18/2018,N4B,R,5,72,1,
2018,fall,8/18/2018,N4B,R,5,55,1,
2018,fall,8/18/2018,N4B,R,5,21,20,
2018,fall,8/18/2018,N4B,R,5,18,5,
2018,fall,8/18/2018,N4B,R,5,4,27,
2018,fall,8/18/2018,N4B,R,5,3,28,
2018,fall,8/18/2018,N4B,R,5,2,15,
2018,fall,8/18/2018,N4B,R,5,0,1,bare ground
2018,spring,5/30/2018,N4B,R,5,327,1,
2018,spring,5/30/2018,N4B,R,5,139,1,
2018,spring,5/30/2018,N4B,R,5,134,2,
2018,spring,5/30/2018,N4B,R,5,120,1,
2018,spring,5/30/2018,N4B,R,5,72,1,
2018,spring,5/30/2018,N4B,R,5,55,1,
2018,spring,5/30/2018,N4B,R,5,38,2,
2018,fall,8/18/2018,N4B,R,6,997,4,dung
2018,fall,8/18/2018,N4B,R,6,998,15,rock
2018,fall,8/18/2018,N4B,R,6,134,1,
2018,fall,8/18/2018,N4B,R,6,130,1,
2018,fall,8/18/2018,N4B,R,6,76,2,
2018,fall,8/18/2018,N4B,R,6,59,8,
2018,fall,8/18/2018,N4B,R,6,58,1,
2018,fall,8/18/2018,N4B,R,6,55,1,
2018,fall,8/18/2018,N4B,R,6,18,1,
2018,fall,8/18/2018,N4B,R,6,15,1,
2018,fall,8/18/2018,N4B,R,6,4,40,
2018,fall,8/18/2018,N4B,R,6,3,5,
2018,fall,8/18/2018,N4B,R,6,2,15,
2018,fall,8/18/2018,N4B,R,6,0,6,bare ground
2018,spring,5/30/2018,N4B,R,6,76,3,
2018,spring,5/30/2018,N4B,R,6,61,1,
2018,spring,5/30/2018,N4B,R,6,55,2,
