"","watershed","ws_label","block","plot","year","experiment_year","bison","small_mammal","invertebrates","trt","gram","forb","woody","pdead","total"
"1","N1A","Annual","A",1,2019,1,"X","X","I","XXI",148,839.5,0,0,987.5
"2","N1A","Annual","A",1,2020,2,"X","X","I","XXI",447.5,318.5,4.65,1.065,770.65
"3","N1A","Annual","A",1,2021,3,"X","X","I","XXI",503.3,250.9,0,0,754.2
"4","N1A","Annual","A",1,2022,4,"X","X","I","XXI",455,142.45,0,0,597.45
"5","N1A","Annual","A",1,2023,5,"X","X","I","XXI",708.05,45.65,0,5.425,753.7
"6","N1A","Annual","A",2,2019,1,"X","S","I","XSI",236.55,425.05,20.75,0,682.35
"7","N1A","Annual","A",2,2020,2,"X","S","I","XSI",241.6,136,0,0.79,377.6
"8","N1A","Annual","A",2,2021,3,"X","S","I","XSI",458.1,200.6,0,0,658.7
"9","N1A","Annual","A",2,2022,4,"X","S","I","XSI",405.85,117.65,0,0.98,523.5
"10","N1A","Annual","A",2,2023,5,"X","S","I","XSI",438.25,94.15,0,3.375,532.4
"11","N1A","Annual","A",3,2019,1,"B","S","I","BSI",193,637.05,0,0,830.05
"12","N1A","Annual","A",3,2020,2,"B","S","I","BSI",216,177.75,0,0.5,393.75
"13","N1A","Annual","A",3,2021,3,"B","S","I","BSI",433.25,274.1,0,0,707.35
"14","N1A","Annual","A",3,2022,4,"B","S","I","BSI",141.25,387.1,0,11.375,528.35
"15","N1A","Annual","A",3,2023,5,"B","S","I","BSI",80.55,270.5,0,2.775,351.05
"16","N1A","Annual","A",4,2019,1,"X","X","X","XXX",323.55,593.05,0,0,916.6
"17","N1A","Annual","A",4,2020,2,"X","X","X","XXX",541.65,226,0,1.825,767.65
"18","N1A","Annual","A",4,2021,3,"X","X","X","XXX",231.6,227.35,0,0,458.95
"19","N1A","Annual","A",4,2022,4,"X","X","X","XXX",474,88.45,0,0,562.45
"20","N1A","Annual","A",4,2023,5,"X","X","X","XXX",413.05,196.6,0,6.395,609.65
"21","N1A","Annual","A",5,2019,1,"X","S","X","XSX",318.25,307.1,0,0,625.35
"22","N1A","Annual","A",5,2020,2,"X","S","X","XSX",326.05,205.9,0,0.21,531.95
"23","N1A","Annual","A",5,2021,3,"X","S","X","XSX",352.35,72.4,0,0,424.75
"24","N1A","Annual","A",5,2022,4,"X","S","X","XSX",654.15,29.95,0,0,684.1
"25","N1A","Annual","A",5,2023,5,"X","S","X","XSX",542.15,56.7,0,0.365,598.85
"26","N1A","Annual","A",6,2019,1,"B","S","X","BSX",101.35,572.8,0,0,674.15
"27","N1A","Annual","A",6,2020,2,"B","S","X","BSX",94.6,566.25,0,0,660.85
"28","N1A","Annual","A",6,2021,3,"B","S","X","BSX",65.3,584.35,0,0,649.65
"29","N1A","Annual","A",6,2022,4,"B","S","X","BSX",154.45,574.5,16.1,18.63,745.05
"30","N1A","Annual","A",6,2023,5,"B","S","X","BSX",73.55,54.4,0,2.09,127.95
"31","N1A","Annual","B",1,2019,1,"X","X","I","XXI",610.05,255.65,13.2,0,878.9
"32","N1A","Annual","B",1,2020,2,"X","X","I","XXI",536.65,141.75,0,0,678.4
"33","N1A","Annual","B",1,2021,3,"X","X","I","XXI",246.05,99.65,0,0,345.7
"34","N1A","Annual","B",1,2022,4,"X","X","I","XXI",783.2,124.75,0,0,907.95
"35","N1A","Annual","B",1,2023,5,"X","X","I","XXI",452.3,108,0,3.405,560.3
"36","N1A","Annual","B",2,2019,1,"X","S","I","XSI",260.05,464,0,0,724.05
"37","N1A","Annual","B",2,2020,2,"X","S","I","XSI",661.75,99.5,63.35,0,824.6
"38","N1A","Annual","B",2,2021,3,"X","S","I","XSI",413.35,104.7,0,0,518.05
"39","N1A","Annual","B",2,2022,4,"X","S","I","XSI",582.65,26.8,137.8,0,747.25
"40","N1A","Annual","B",2,2023,5,"X","S","I","XSI",640.75,34.5,0,3.52,675.25
"41","N1A","Annual","B",3,2019,1,"B","S","I","BSI",290.9,229.55,14.55,0,535
"42","N1A","Annual","B",3,2020,2,"B","S","I","BSI",110.05,189.7,0,0.22,299.75
"43","N1A","Annual","B",3,2021,3,"B","S","I","BSI",189.35,331.65,0,0,521
"44","N1A","Annual","B",3,2022,4,"B","S","I","BSI",310.1,83,142.8,5.195,535.9
"45","N1A","Annual","B",3,2023,5,"B","S","I","BSI",220.25,99.75,0,3.32,320
"46","N1A","Annual","B",4,2019,1,"X","X","X","XXX",194.75,400.65,0,0,595.4
"47","N1A","Annual","B",4,2020,2,"X","X","X","XXX",361.95,281.9,0,0,643.85
"48","N1A","Annual","B",4,2021,3,"X","X","X","XXX",347.9,208.7,0,0,556.6
"49","N1A","Annual","B",4,2022,4,"X","X","X","XXX",417.5,117.9,0,0,535.4
"50","N1A","Annual","B",4,2023,5,"X","X","X","XXX",513.9,71.7,0,0.25,585.6
"51","N1A","Annual","B",5,2019,1,"X","S","X","XSX",286.9,484.45,0,0,771.35
"52","N1A","Annual","B",5,2020,2,"X","S","X","XSX",464.2,343.55,0,0,807.75
"53","N1A","Annual","B",5,2021,3,"X","S","X","XSX",337.2,224.25,0,0,561.45
"54","N1A","Annual","B",5,2022,4,"X","S","X","XSX",256.45,255.95,0,0,512.4
"55","N1A","Annual","B",5,2023,5,"X","S","X","XSX",337.35,139.4,0,3.725,476.75
"56","N1A","Annual","B",6,2019,1,"B","S","X","BSX",338.1,286.7,0,0,624.8
"57","N1A","Annual","B",6,2020,2,"B","S","X","BSX",86.35,237.35,0,0,323.7
"58","N1A","Annual","B",6,2021,3,"B","S","X","BSX",112.3,152.7,0,0,265
"59","N1A","Annual","B",6,2022,4,"B","S","X","BSX",324.2,147.9,143.85,6.845,615.95
"60","N1A","Annual","B",6,2023,5,"B","S","X","BSX",113.3,111.15,0,4.01,224.45
"61","N1A","Annual","C",1,2019,1,"X","X","I","XXI",338.8,458.7,0,0,797.5
"62","N1A","Annual","C",1,2020,2,"X","X","I","XXI",460.75,209.95,0,0.055,670.7
"63","N1A","Annual","C",1,2021,3,"X","X","I","XXI",354.5,106.25,0,0,460.75
"64","N1A","Annual","C",1,2022,4,"X","X","I","XXI",399.25,123.75,0,0,523
"65","N1A","Annual","C",1,2023,5,"X","X","I","XXI",341.75,128.95,0,1.625,470.7
"66","N1A","Annual","C",2,2019,1,"X","S","I","XSI",320.95,329.7,0,0,650.65
"67","N1A","Annual","C",2,2020,2,"X","S","I","XSI",357.55,111.05,0,0,468.6
"68","N1A","Annual","C",2,2021,3,"X","S","I","XSI",465.65,65.85,0,0,531.5
"69","N1A","Annual","C",2,2022,4,"X","S","I","XSI",522.5,34.05,19.5,0,576.05
"70","N1A","Annual","C",2,2023,5,"X","S","I","XSI",709.45,99.5,0,3.36,808.95
"71","N1A","Annual","C",3,2019,1,"B","S","I","BSI",219.25,550.6,19.9,0,789.75
"72","N1A","Annual","C",3,2020,2,"B","S","I","BSI",143.35,174.55,0,0.83,317.9
"73","N1A","Annual","C",3,2021,3,"B","S","I","BSI",204.25,247.2,0,0,451.45
"74","N1A","Annual","C",3,2022,4,"B","S","I","BSI",178.3,19.5,0,0,197.8
"75","N1A","Annual","C",3,2023,5,"B","S","I","BSI",217.1,70.85,0,2.46,287.95
"76","N1A","Annual","C",4,2019,1,"X","X","X","XXX",367,418.05,0,0,785.05
"77","N1A","Annual","C",4,2020,2,"X","X","X","XXX",573.45,132.1,0,0,705.55
"78","N1A","Annual","C",4,2021,3,"X","X","X","XXX",366.65,83.95,0,0,450.6
"79","N1A","Annual","C",4,2022,4,"X","X","X","XXX",506.75,28.7,0,0,535.45
"80","N1A","Annual","C",4,2023,5,"X","X","X","XXX",688.45,44.9,0,4.7,733.35
"81","N1A","Annual","C",5,2019,1,"X","S","X","XSX",249.6,344.25,0,0,593.85
"82","N1A","Annual","C",5,2020,2,"X","S","X","XSX",442.15,151.75,0,0.89,593.9
"83","N1A","Annual","C",5,2021,3,"X","S","X","XSX",380.75,177.9,0,0,558.65
"84","N1A","Annual","C",5,2022,4,"X","S","X","XSX",487.95,105.3,0,0,593.25
"85","N1A","Annual","C",5,2023,5,"X","S","X","XSX",724.55,15.5,0,1.045,740.05
"86","N1A","Annual","C",6,2019,1,"B","S","X","BSX",408.35,473.05,28.55,0,909.95
"87","N1A","Annual","C",6,2020,2,"B","S","X","BSX",108.2,106.45,28.6,0.77,243.25
"88","N1A","Annual","C",6,2021,3,"B","S","X","BSX",135.4,142.95,0,0,278.35
"89","N1A","Annual","C",6,2022,4,"B","S","X","BSX",214.35,67.15,0,0,281.5
"90","N1A","Annual","C",6,2023,5,"B","S","X","BSX",134.05,166.85,30.65,3.105,331.55
"91","N1A","Annual","D",1,2019,1,"X","X","I","XXI",402.9,287.25,9.5,0,699.65
"92","N1A","Annual","D",1,2020,2,"X","X","I","XXI",424.05,111.3,17.1,0.265,552.45
"93","N1A","Annual","D",1,2021,3,"X","X","I","XXI",228.9,105.7,0,0,334.6
"94","N1A","Annual","D",1,2022,4,"X","X","I","XXI",342.95,122.15,0,0,465.1
"95","N1A","Annual","D",1,2023,5,"X","X","I","XXI",498.75,50.45,0,0.33,549.2
"96","N1A","Annual","D",2,2019,1,"X","S","I","XSI",276.65,355.8,0,0,632.45
"97","N1A","Annual","D",2,2020,2,"X","S","I","XSI",374.7,93.4,0,1.025,468.1
"98","N1A","Annual","D",2,2021,3,"X","S","I","XSI",213.65,56.7,0,0,270.35
"99","N1A","Annual","D",2,2022,4,"X","S","I","XSI",436.9,202.75,0,12.08,639.65
"100","N1A","Annual","D",2,2023,5,"X","S","I","XSI",310.6,138.45,0,1.795,449.05
"101","N1A","Annual","D",3,2019,1,"B","S","I","BSI",471.5,143.55,0,0,615.05
"102","N1A","Annual","D",3,2020,2,"B","S","I","BSI",120.2,187.35,0,0.29,307.55
"103","N1A","Annual","D",3,2021,3,"B","S","I","BSI",222.35,336.75,0,0,559.1
"104","N1A","Annual","D",3,2022,4,"B","S","I","BSI",199.5,167.05,0,0,366.55
"105","N1A","Annual","D",3,2023,5,"B","S","I","BSI",102.1,531.4,0,0.495,633.5
"106","N1A","Annual","D",4,2019,1,"X","X","X","XXX",359.2,397.5,0,0,756.7
"107","N1A","Annual","D",4,2020,2,"X","X","X","XXX",211.15,213.5,0,0,424.65
"108","N1A","Annual","D",4,2021,3,"X","X","X","XXX",221.2,89,0,0,310.2
"109","N1A","Annual","D",4,2022,4,"X","X","X","XXX",620.9,211.6,0,0,832.5
"110","N1A","Annual","D",4,2023,5,"X","X","X","XXX",299.1,376.7,0,1.58,675.8
"111","N1A","Annual","D",5,2019,1,"X","S","X","XSX",303.2,223.05,0,0,526.25
"112","N1A","Annual","D",5,2020,2,"X","S","X","XSX",548.5,204.45,4.45,1.435,757.4
"113","N1A","Annual","D",5,2021,3,"X","S","X","XSX",439.9,104.4,0,0,544.3
"114","N1A","Annual","D",5,2022,4,"X","S","X","XSX",417.5,66.85,0,0,484.35
"115","N1A","Annual","D",5,2023,5,"X","S","X","XSX",662,49.7,43,4.49,754.7
"116","N1A","Annual","D",6,2019,1,"B","S","X","BSX",328.25,191.45,0,0,519.7
"117","N1A","Annual","D",6,2020,2,"B","S","X","BSX",66.15,266.2,0,0,332.35
"118","N1A","Annual","D",6,2021,3,"B","S","X","BSX",173.2,259.85,0,0,433.05
"119","N1A","Annual","D",6,2022,4,"B","S","X","BSX",83.95,106.5,0,0,190.45
"120","N1A","Annual","D",6,2023,5,"B","S","X","BSX",247.2,238.8,0,1.73,486
"121","N1A","Annual","E",1,2019,1,"X","X","X","XXX",452.9,313.05,0,0,765.95
"122","N1A","Annual","E",1,2020,2,"X","X","X","XXX",335.55,242.9,0,0,578.45
"123","N1A","Annual","E",1,2021,3,"X","X","X","XXX",416.95,145.2,0,0,562.15
"124","N1A","Annual","E",1,2022,4,"X","X","X","XXX",505.3,63,112.05,0,680.35
"125","N1A","Annual","E",1,2023,5,"X","X","X","XXX",251.8,189.65,0,4.71,441.45
"126","N1A","Annual","E",2,2019,1,"X","S","X","XSX",411.8,159.7,0,0,571.5
"127","N1A","Annual","E",2,2020,2,"X","S","X","XSX",420.35,147.5,0,0.465,567.85
"128","N1A","Annual","E",2,2021,3,"X","S","X","XSX",518.15,182.45,0,0,700.6
"129","N1A","Annual","E",2,2022,4,"X","S","X","XSX",474.3,96,0,0,570.3
"130","N1A","Annual","E",2,2023,5,"X","S","X","XSX",462.2,109.7,0,0,571.9
"131","N1A","Annual","E",3,2019,1,"B","S","X","BSX",265.25,52.35,0,0,317.6
"132","N1A","Annual","E",3,2020,2,"B","S","X","BSX",178.85,122.95,0,0.175,301.8
"133","N1A","Annual","E",3,2021,3,"B","S","X","BSX",189.65,91.4,0,0,281.05
"134","N1A","Annual","E",3,2022,4,"B","S","X","BSX",127.25,15.85,0,0,143.1
"135","N1A","Annual","E",3,2023,5,"B","S","X","BSX",197.15,31.2,0,6.355,228.35
"136","N1A","Annual","E",4,2019,1,"X","X","I","XXI",268.9,521.15,0,0,790.05
"137","N1A","Annual","E",4,2020,2,"X","X","I","XXI",372.55,162.3,0,0.405,534.85
"138","N1A","Annual","E",4,2021,3,"X","X","I","XXI",279.75,151.35,0,0,431.1
"139","N1A","Annual","E",4,2022,4,"X","X","I","XXI",329.8,100.2,0,0,430
"140","N1A","Annual","E",4,2023,5,"X","X","I","XXI",485.9,41.45,0,3.925,527.35
"141","N1A","Annual","E",5,2019,1,"X","S","I","XSI",390.15,207.45,0,0,597.6
"142","N1A","Annual","E",5,2020,2,"X","S","I","XSI",441.15,162.75,0,0.155,603.9
"143","N1A","Annual","E",5,2021,3,"X","S","I","XSI",531.4,129.4,0,0,660.8
"144","N1A","Annual","E",5,2022,4,"X","S","I","XSI",653.9,147.3,0,0,801.2
"145","N1A","Annual","E",5,2023,5,"X","S","I","XSI",488.7,119.15,0,0,607.85
"146","N1A","Annual","E",6,2019,1,"B","S","I","BSI",534.7,125.15,0,0,659.85
"147","N1A","Annual","E",6,2020,2,"B","S","I","BSI",49.35,258.7,0,0.48,308.05
"148","N1A","Annual","E",6,2021,3,"B","S","I","BSI",201.45,184.55,0,0,386
"149","N1A","Annual","E",6,2022,4,"B","S","I","BSI",85.65,129.4,0,0,215.05
"150","N1A","Annual","E",6,2023,5,"B","S","I","BSI",155.3,150.15,0,8.845,305.45
"151","N1A","Annual","F",1,2019,1,"X","X","X","XXX",170.45,876.1,3.1,0,1049.65
"152","N1A","Annual","F",1,2020,2,"X","X","X","XXX",717.3,152.45,0,0.545,869.75
"153","N1A","Annual","F",1,2021,3,"X","X","X","XXX",369.15,105.95,0,0,475.1
"154","N1A","Annual","F",1,2022,4,"X","X","X","XXX",336.1,23.5,0,0,359.6
"155","N1A","Annual","F",1,2023,5,"X","X","X","XXX",367.25,44.95,0,1.94,412.2
"156","N1A","Annual","F",2,2019,1,"X","S","X","XSX",274.05,275.55,14.1,0,563.7
"157","N1A","Annual","F",2,2020,2,"X","S","X","XSX",359,189.95,0,0,548.95
"158","N1A","Annual","F",2,2021,3,"X","S","X","XSX",423.5,171.15,0,0,594.65
"159","N1A","Annual","F",2,2022,4,"X","S","X","XSX",229.2,215.9,0,0,445.1
"160","N1A","Annual","F",2,2023,5,"X","S","X","XSX",562.8,227.05,0,4.505,789.85
"161","N1A","Annual","F",3,2019,1,"B","S","X","BSX",194.7,11.6,190.7,0,397
"162","N1A","Annual","F",3,2020,2,"B","S","X","BSX",200.7,58.15,107.75,1.17,366.6
"163","N1A","Annual","F",3,2021,3,"B","S","X","BSX",96.05,56,0,0,152.05
"164","N1A","Annual","F",3,2022,4,"B","S","X","BSX",115.6,172.65,0,0,288.25
"165","N1A","Annual","F",3,2023,5,"B","S","X","BSX",234.45,315.6,0,3.41,550.05
"166","N1A","Annual","F",4,2019,1,"X","X","I","XXI",430.266666666667,121.366666666667,2.66666666666667,0,554.3
"167","N1A","Annual","F",4,2020,2,"X","X","I","XXI",495.15,168.75,0,0,663.9
"168","N1A","Annual","F",4,2021,3,"X","X","I","XXI",268.1,42.55,0,0,310.65
"169","N1A","Annual","F",4,2022,4,"X","X","I","XXI",673.1,39.1,2.8,0,715
"170","N1A","Annual","F",4,2023,5,"X","X","I","XXI",422.65,4.75,0,0.205,427.4
"171","N1A","Annual","F",5,2019,1,"X","S","I","XSI",447.25,383.05,0,0,830.3
"172","N1A","Annual","F",5,2020,2,"X","S","I","XSI",524.9,89.35,0,1.99,614.25
"173","N1A","Annual","F",5,2021,3,"X","S","I","XSI",757.25,16.05,0,0,773.3
"174","N1A","Annual","F",5,2022,4,"X","S","I","XSI",622.2,16.95,0,0,639.15
"175","N1A","Annual","F",5,2023,5,"X","S","I","XSI",376.05,75.05,0,0.805,451.1
"176","N1A","Annual","F",6,2019,1,"B","S","I","BSI",397.5,329.95,107.55,0,835
"177","N1A","Annual","F",6,2020,2,"B","S","I","BSI",76.3,129.45,213.8,0,419.55
"178","N1A","Annual","F",6,2021,3,"B","S","I","BSI",166.75,64,0,0,230.75
"179","N1A","Annual","F",6,2022,4,"B","S","I","BSI",139.3,23.1,0,0,162.4
"180","N1A","Annual","F",6,2023,5,"B","S","I","BSI",208.4,207.1,0,0,415.5
"181","N1A","Annual","G",1,2019,1,"X","X","I","XXI",647.45,25.6,0,0,673.05
"182","N1A","Annual","G",1,2020,2,"X","X","I","XXI",561.45,6.55,0,0.39,568
"183","N1A","Annual","G",1,2021,3,"X","X","I","XXI",448,5.7,0,0,453.7
"184","N1A","Annual","G",1,2022,4,"X","X","I","XXI",566.8,0,0,0,566.8
"185","N1A","Annual","G",1,2023,5,"X","X","I","XXI",341.5,88,0,0.205,429.5
"186","N1A","Annual","G",2,2019,1,"X","S","I","XSI",397.9,53.7,0,0,451.6
"187","N1A","Annual","G",2,2020,2,"X","S","I","XSI",366.35,12.3,0,0,378.65
"188","N1A","Annual","G",2,2021,3,"X","S","I","XSI",308.05,96.6,0,0,404.65
"189","N1A","Annual","G",2,2022,4,"X","S","I","XSI",381.2,9.7,0,0,390.9
"190","N1A","Annual","G",2,2023,5,"X","S","I","XSI",475.3,6.2,0,0.74,481.5
"191","N1A","Annual","G",3,2019,1,"B","S","I","BSI",611.35,237.35,0,0,848.7
"192","N1A","Annual","G",3,2020,2,"B","S","I","BSI",213.45,454.3,0,0,667.75
"193","N1A","Annual","G",3,2021,3,"B","S","I","BSI",219.5,71.65,0,0,291.15
"194","N1A","Annual","G",3,2022,4,"B","S","I","BSI",59.2,12.55,0,0,71.75
"195","N1A","Annual","G",3,2023,5,"B","S","I","BSI",141.05,146.85,0,0.92,287.9
"196","N1A","Annual","G",4,2019,1,"X","X","X","XXX",586.6,65.05,0,0,651.65
"197","N1A","Annual","G",4,2020,2,"X","X","X","XXX",832.8,104.9,22.25,0.275,959.95
"198","N1A","Annual","G",4,2021,3,"X","X","X","XXX",394.9,2.9725,0,0,397.8725
"199","N1A","Annual","G",4,2022,4,"X","X","X","XXX",474.45,7.95,0,0,482.4
"200","N1A","Annual","G",4,2023,5,"X","X","X","XXX",428.05,6.4,11.7,0,446.15
"201","N1A","Annual","G",5,2019,1,"X","S","X","XSX",442.15,31.8,0,0,473.95
"202","N1A","Annual","G",5,2020,2,"X","S","X","XSX",484.3,16,0,0,500.3
"203","N1A","Annual","G",5,2021,3,"X","S","X","XSX",399.9,31.15,0,0,431.05
"204","N1A","Annual","G",5,2022,4,"X","S","X","XSX",317.75,19.25,0,0,337
"205","N1A","Annual","G",5,2023,5,"X","S","X","XSX",475.5,24.75,0,0,500.25
"206","N1A","Annual","G",6,2019,1,"B","S","X","BSX",440.15,431.25,0,0,871.4
"207","N1A","Annual","G",6,2020,2,"B","S","X","BSX",115.5,373.65,0,0,489.15
"208","N1A","Annual","G",6,2021,3,"B","S","X","BSX",118.2,99.5,0,1.255,217.7
"209","N1A","Annual","G",6,2022,4,"B","S","X","BSX",154,24.35,0,0,178.35
"210","N1A","Annual","G",6,2023,5,"B","S","X","BSX",269.95,242.55,0,4.525,512.5
"211","N1A","Annual","H",1,2019,1,"X","X","I","XXI",440.6,163.55,0,0,604.15
"212","N1A","Annual","H",1,2020,2,"X","X","I","XXI",903.1,22,0,0,925.1
"213","N1A","Annual","H",1,2021,3,"X","X","I","XXI",322.85,14.45,154.65,0,491.95
"214","N1A","Annual","H",1,2022,4,"X","X","I","XXI",373.1,0,193.5,0,566.6
"215","N1A","Annual","H",1,2023,5,"X","X","I","XXI",392.25,26.85,33.75,2.4,452.85
"216","N1A","Annual","H",2,2019,1,"X","S","I","XSI",653.85,57.65,380.415,0,1091.915
"217","N1A","Annual","H",2,2020,2,"X","S","I","XSI",310.75,44.05,46.35,0,401.15
"218","N1A","Annual","H",2,2021,3,"X","S","I","XSI",419.45,2.01155,36.05,0,457.51155
"219","N1A","Annual","H",2,2022,4,"X","S","I","XSI",371.2,3.3,9.05,0,383.55
"220","N1A","Annual","H",2,2023,5,"X","S","I","XSI",311.3,59.2,0,3.005,370.5
"221","N1A","Annual","H",3,2019,1,"B","S","I","BSI",709.95,131.45,0,0,841.4
"222","N1A","Annual","H",3,2020,2,"B","S","I","BSI",187.75,97.75,2.1,0,287.6
"223","N1A","Annual","H",3,2021,3,"B","S","I","BSI",172.9,78.1,15.7,0,266.7
"224","N1A","Annual","H",3,2022,4,"B","S","I","BSI",309.15,219.7,0,0,528.85
"225","N1A","Annual","H",3,2023,5,"B","S","I","BSI",143.1,20.7,20.65,0,184.45
"226","N1A","Annual","H",4,2019,1,"X","X","X","XXX",694.3,251.25,0,0,945.55
"227","N1A","Annual","H",4,2020,2,"X","X","X","XXX",519.8,262.05,0,0.6,781.85
"228","N1A","Annual","H",4,2021,3,"X","X","X","XXX",396.2,22.55,0,0,418.75
"229","N1A","Annual","H",4,2022,4,"X","X","X","XXX",728.9,8.6,67.5,0,805
"230","N1A","Annual","H",4,2023,5,"X","X","X","XXX",335.25,214.15,58.05,7.375,607.45
"231","N1A","Annual","H",5,2019,1,"X","S","X","XSX",311.25,262.65,0,0,573.9
"232","N1A","Annual","H",5,2020,2,"X","S","X","XSX",261.6,394.95,31.2,0,687.75
"233","N1A","Annual","H",5,2021,3,"X","S","X","XSX",345.55,164.3,0,4.605,509.85
"234","N1A","Annual","H",5,2022,4,"X","S","X","XSX",361.85,214.35,0,0,576.2
"235","N1A","Annual","H",5,2023,5,"X","S","X","XSX",411.7,98.2,0,0.92,509.9
"236","N1A","Annual","H",6,2019,1,"B","S","X","BSX",366.1,198.25,0,0,564.35
"237","N1A","Annual","H",6,2020,2,"B","S","X","BSX",95.7,101.25,24.7,0,221.65
"238","N1A","Annual","H",6,2021,3,"B","S","X","BSX",103.95,85.95,0,0,189.9
"239","N1A","Annual","H",6,2022,4,"B","S","X","BSX",253.2,156.45,46.1,0,455.75
"240","N1A","Annual","H",6,2023,5,"B","S","X","BSX",376.65,21.55,43.2,0,441.4
"241","N1A","Annual","I",1,2019,1,"X","X","I","XXI",341.1,210.5,0,0,551.6
"242","N1A","Annual","I",1,2020,2,"X","X","I","XXI",388.9,98.5,0,0,487.4
"243","N1A","Annual","I",1,2021,3,"X","X","I","XXI",229.45,30.5,0,0,259.95
"244","N1A","Annual","I",1,2022,4,"X","X","I","XXI",236.1,63.25,0,0,299.35
"245","N1A","Annual","I",1,2023,5,"X","X","I","XXI",329.25,17.65,0,0.77,346.9
"246","N1A","Annual","I",2,2019,1,"X","S","I","XSI",182.55,275.25,0,0,457.8
"247","N1A","Annual","I",2,2020,2,"X","S","I","XSI",250.5,65.45,0,0,315.95
"248","N1A","Annual","I",2,2021,3,"X","S","I","XSI",238.25,35.1,0,0,273.35
"249","N1A","Annual","I",2,2022,4,"X","S","I","XSI",424.05,31.1,0,0,455.15
"250","N1A","Annual","I",2,2023,5,"X","S","I","XSI",438.4,21.55,0,2.085,459.95
"251","N1A","Annual","I",3,2019,1,"B","S","I","BSI",240.1,266.25,0,0,506.35
"252","N1A","Annual","I",3,2020,2,"B","S","I","BSI",95.2,244.3,0,0,339.5
"253","N1A","Annual","I",3,2021,3,"B","S","I","BSI",202.45,184.45,0,0,386.9
"254","N1A","Annual","I",3,2022,4,"B","S","I","BSI",252,89.35,0,0,341.35
"255","N1A","Annual","I",3,2023,5,"B","S","I","BSI",180.65,1.55,0,2.735,182.2
"256","N1A","Annual","I",4,2019,1,"X","X","X","XXX",511.25,262.55,0,0,773.8
"257","N1A","Annual","I",4,2020,2,"X","X","X","XXX",516.4,176.45,0.8,1.17,693.65
"258","N1A","Annual","I",4,2021,3,"X","X","X","XXX",369.8,104.75,0,0,474.55
"259","N1A","Annual","I",4,2022,4,"X","X","X","XXX",437.55,48.6,0,0,486.15
"260","N1A","Annual","I",4,2023,5,"X","X","X","XXX",379.5,18.55,4.4,1.405,402.45
"261","N1A","Annual","I",5,2019,1,"X","S","X","XSX",477.8,117.6,90,0,685.4
"262","N1A","Annual","I",5,2020,2,"X","S","X","XSX",455.05,100.75,0,0,555.8
"263","N1A","Annual","I",5,2021,3,"X","S","X","XSX",381.65,151,0,0.345,532.65
"264","N1A","Annual","I",5,2022,4,"X","S","X","XSX",429.35,31.15,0,0,460.5
"265","N1A","Annual","I",5,2023,5,"X","S","X","XSX",358.3,103.8,0,2.455,462.1
"266","N1A","Annual","I",6,2019,1,"B","S","X","BSX",203.8,94.1,117.2,0,415.1
"267","N1A","Annual","I",6,2020,2,"B","S","X","BSX",84.1,188.7,0,0.69,272.8
"268","N1A","Annual","I",6,2021,3,"B","S","X","BSX",168.5,238.25,0,0,406.75
"269","N1A","Annual","I",6,2022,4,"B","S","X","BSX",229,74.75,0,0,303.75
"270","N1A","Annual","I",6,2023,5,"B","S","X","BSX",133.85,376.65,0,0.735,510.5
"271","N4B","4 Year","J",1,2019,1,"X","X","I","XXI",255.75,124,0,0,379.75
"272","N4B","4 Year","J",1,2020,2,"X","X","I","XXI",123.4,260.55,0,39.325,383.95
"273","N4B","4 Year","J",1,2021,3,"X","X","I","XXI",366.75,48.2097,0,59.97,414.9597
"274","N4B","4 Year","J",1,2022,4,"X","X","I","XXI",123.45,542.9,0,39.96,666.35
"275","N4B","4 Year","J",1,2023,5,"X","X","I","XXI",252.5,68.7,0,0,321.2
"276","N4B","4 Year","J",2,2019,1,"X","S","I","XSI",524.6,30.1,0,0,554.7
"277","N4B","4 Year","J",2,2020,2,"X","S","I","XSI",377.45,0,155.55,35.83,533
"278","N4B","4 Year","J",2,2021,3,"X","S","I","XSI",369.35,0,0,32.965,369.35
"279","N4B","4 Year","J",2,2022,4,"X","S","I","XSI",411.35,0,1399.35,0,1810.7
"280","N4B","4 Year","J",2,2023,5,"X","S","I","XSI",485.55,75.7,0,7.755,561.25
"281","N4B","4 Year","J",3,2019,1,"B","S","I","BSI",37.7,33.35,0,0,71.05
"282","N4B","4 Year","J",3,2020,2,"B","S","I","BSI",38.75,52.05,0,0,90.8
"283","N4B","4 Year","J",3,2021,3,"B","S","I","BSI",78.05,39.15,0,5.825,117.2
"284","N4B","4 Year","J",3,2022,4,"B","S","I","BSI",252.85,15.65,0,4.895,268.5
"285","N4B","4 Year","J",3,2023,5,"B","S","I","BSI",81.45,16,0,7.465,97.45
"286","N4B","4 Year","J",4,2019,1,"X","X","X","XXX",433.15,8.8,0,0,441.95
"287","N4B","4 Year","J",4,2020,2,"X","X","X","XXX",470.2,142.2,0.75,29.285,613.15
"288","N4B","4 Year","J",4,2021,3,"X","X","X","XXX",201.15,378.9,0,88.61,580.05
"289","N4B","4 Year","J",4,2022,4,"X","X","X","XXX",260.2,126.35,0,60.34,386.55
"290","N4B","4 Year","J",4,2023,5,"X","X","X","XXX",20.25,462.1,44.7,7.485,527.05
"291","N4B","4 Year","J",5,2019,1,"X","S","X","XSX",530.3,9.15,0,0,539.45
"292","N4B","4 Year","J",5,2020,2,"X","S","X","XSX",390.2,19.9,0,34.98,410.1
"293","N4B","4 Year","J",5,2021,3,"X","S","X","XSX",491.15,7.25,0,41.205,498.4
"294","N4B","4 Year","J",5,2022,4,"X","S","X","XSX",433.55,0,1247.5,0,1681.05
"295","N4B","4 Year","J",5,2023,5,"X","S","X","XSX",325.35,36.45,0,0.69,361.8
"296","N4B","4 Year","J",6,2019,1,"B","S","X","BSX",134.2,43.8,0,0,178
"297","N4B","4 Year","J",6,2020,2,"B","S","X","BSX",151.55,142.85,13.45,7.785,307.85
"298","N4B","4 Year","J",6,2021,3,"B","S","X","BSX",140.85,118.2,0,5.4,259.05
"299","N4B","4 Year","J",6,2022,4,"B","S","X","BSX",366.35,18.5,0,26.2,384.85
"300","N4B","4 Year","J",6,2023,5,"B","S","X","BSX",222.9,236.75,0,2.245,459.65
"301","N4B","4 Year","K",1,2019,1,"X","X","I","XXI",320.7,18.1,0,0,338.8
"302","N4B","4 Year","K",1,2020,2,"X","X","I","XXI",435.05,13.65,0,21.135,448.7
"303","N4B","4 Year","K",1,2021,3,"X","X","I","XXI",520.8,41.8,0,42.915,562.6
"304","N4B","4 Year","K",1,2022,4,"X","X","I","XXI",145.5,5.9,0,0,151.4
"305","N4B","4 Year","K",1,2023,5,"X","X","I","XXI",387.75,96.1,0,0,483.85
"306","N4B","4 Year","K",2,2019,1,"X","S","I","XSI",473.6,9.75,0,0,483.35
"307","N4B","4 Year","K",2,2020,2,"X","S","I","XSI",611.05,6.55,0,0,617.6
"308","N4B","4 Year","K",2,2021,3,"X","S","I","XSI",282.85,15.6,0,22.44,298.45
"309","N4B","4 Year","K",2,2022,4,"X","S","I","XSI",348.1,3.15,0,0,351.25
"310","N4B","4 Year","K",2,2023,5,"X","S","I","XSI",330.05,8,0,0,338.05
"311","N4B","4 Year","K",3,2019,1,"B","S","I","BSI",99.2,14.3,0,0,113.5
"312","N4B","4 Year","K",3,2020,2,"B","S","I","BSI",224.9,201.8,0,4.025,426.7
"313","N4B","4 Year","K",3,2021,3,"B","S","I","BSI",73.5,127.85,0,1.535,201.35
"314","N4B","4 Year","K",3,2022,4,"B","S","I","BSI",168.9,6.95,0,2.675,175.85
"315","N4B","4 Year","K",3,2023,5,"B","S","I","BSI",145.35,22.7,36.3,0.02,204.35
"316","N4B","4 Year","K",4,2019,1,"X","X","X","XXX",378.8,24.65,0,0,403.45
"317","N4B","4 Year","K",4,2020,2,"X","X","X","XXX",376.2,4.35,0,19.72,380.55
"318","N4B","4 Year","K",4,2021,3,"X","X","X","XXX",54.95,18.7,0,58.02,73.65
"319","N4B","4 Year","K",4,2022,4,"X","X","X","XXX",349.8,84,15.4,0,449.2
"320","N4B","4 Year","K",4,2023,5,"X","X","X","XXX",198.6,19.5,0,0,218.1
"321","N4B","4 Year","K",5,2019,1,"X","S","X","XSX",541.1,16.55,0,0,557.65
"322","N4B","4 Year","K",5,2020,2,"X","S","X","XSX",205.3,29.25,0,10.04,234.55
"323","N4B","4 Year","K",5,2021,3,"X","S","X","XSX",280.6,18.45,0,26.6,299.05
"324","N4B","4 Year","K",5,2022,4,"X","S","X","XSX",401,2.65,0,1.1,403.65
"325","N4B","4 Year","K",5,2023,5,"X","S","X","XSX",198.95,65.15,0,0,264.1
"326","N4B","4 Year","K",6,2019,1,"B","S","X","BSX",46.25,140.45,0,0,186.7
"327","N4B","4 Year","K",6,2020,2,"B","S","X","BSX",72.15,53.9,0,3.02,126.05
"328","N4B","4 Year","K",6,2021,3,"B","S","X","BSX",146.85,117.95,0,4.81,264.8
"329","N4B","4 Year","K",6,2022,4,"B","S","X","BSX",395.55,20.15,0,25.01,415.7
"330","N4B","4 Year","K",6,2023,5,"B","S","X","BSX",146.45,25.2,0,7.99,171.65
"331","N4B","4 Year","L",1,2019,1,"X","X","I","XXI",338.05,17.5,0,0,355.55
"332","N4B","4 Year","L",1,2020,2,"X","X","I","XXI",372.2,3.05,506.3,26.35,881.55
"333","N4B","4 Year","L",1,2021,3,"X","X","I","XXI",178.9,8.15,0,22.035,187.05
"334","N4B","4 Year","L",1,2022,4,"X","X","I","XXI",332.85,0,0,0,332.85
"335","N4B","4 Year","L",1,2023,5,"X","X","I","XXI",206,17,498.2,3.28,721.2
"336","N4B","4 Year","L",2,2019,1,"X","S","I","XSI",300.55,22.3,0,0,322.85
"337","N4B","4 Year","L",2,2020,2,"X","S","I","XSI",231.95,43.6,0,19.545,275.55
"338","N4B","4 Year","L",2,2021,3,"X","S","I","XSI",206.7,14.6,0,32.13,221.3
"339","N4B","4 Year","L",2,2022,4,"X","S","I","XSI",508.1,113.55,0,32.935,621.65
"340","N4B","4 Year","L",2,2023,5,"X","S","I","XSI",396.35,6.95,0,0.115,403.3
"341","N4B","4 Year","L",3,2019,1,"B","S","I","BSI",38,6.9,0,0,44.9
"342","N4B","4 Year","L",3,2020,2,"B","S","I","BSI",15.4,0,28.45,0.325,43.85
"343","N4B","4 Year","L",3,2021,3,"B","S","I","BSI",139.95,123.5,0,0,263.45
"344","N4B","4 Year","L",3,2022,4,"B","S","I","BSI",278.6,33.3,31,24.83,342.9
"345","N4B","4 Year","L",3,2023,5,"B","S","I","BSI",29.9,2.15,0,4.445,32.05
"346","N4B","4 Year","L",4,2019,1,"X","X","X","XXX",424.35,94,0,0,518.35
"347","N4B","4 Year","L",4,2020,2,"X","X","X","XXX",801.7,74.4,20.9,0,897
"348","N4B","4 Year","L",4,2021,3,"X","X","X","XXX",370.45,21.1,0,29.175,391.55
"349","N4B","4 Year","L",4,2022,4,"X","X","X","XXX",218.9,0,0,0,218.9
"350","N4B","4 Year","L",4,2023,5,"X","X","X","XXX",587.65,10.25,0,0.265,597.9
"351","N4B","4 Year","L",5,2019,1,"X","S","X","XSX",569.05,67.45,0,0,636.5
"352","N4B","4 Year","L",5,2020,2,"X","S","X","XSX",293.5,16.9,0,17.02,310.4
"353","N4B","4 Year","L",5,2021,3,"X","S","X","XSX",331.1,35.6,0,39.76,366.7
"354","N4B","4 Year","L",5,2022,4,"X","S","X","XSX",327.4,3.75,0,43.52,331.15
"355","N4B","4 Year","L",5,2023,5,"X","S","X","XSX",322.6,10.45,22.05,0,355.1
"356","N4B","4 Year","L",6,2019,1,"B","S","X","BSX",96.9,0,0,0,96.9
"357","N4B","4 Year","L",6,2020,2,"B","S","X","BSX",92.9,9.3,0,3.61,102.2
"358","N4B","4 Year","L",6,2021,3,"B","S","X","BSX",237.8,29.6,0,3.96,267.4
"359","N4B","4 Year","L",6,2022,4,"B","S","X","BSX",158.7,46.85,0,6.13,205.55
"360","N4B","4 Year","L",6,2023,5,"B","S","X","BSX",97.55,2.1,0,2.325,99.65
"361","N4B","4 Year","M",1,2019,1,"X","X","I","XXI",361.35,34.65,0,0,396
"362","N4B","4 Year","M",1,2020,2,"X","X","I","XXI",453.3,18.7,0,65.005,472
"363","N4B","4 Year","M",1,2021,3,"X","X","I","XXI",306.75,56.1,0,41.635,362.85
"364","N4B","4 Year","M",1,2022,4,"X","X","I","XXI",530.05,48.95,0,109.96,579
"365","N4B","4 Year","M",1,2023,5,"X","X","I","XXI",334.55,38.75,0,8.35,373.3
"366","N4B","4 Year","M",2,2019,1,"X","S","I","XSI",521.3,62.1,0,0,583.4
"367","N4B","4 Year","M",2,2020,2,"X","S","I","XSI",488.4,8.3,0,28.695,496.7
"368","N4B","4 Year","M",2,2021,3,"X","S","I","XSI",277.4,211.9,0,66.47,489.3
"369","N4B","4 Year","M",2,2022,4,"X","S","I","XSI",488.3,99.8,0,32.795,588.1
"370","N4B","4 Year","M",2,2023,5,"X","S","I","XSI",523.15,364.15,0,19.55,887.3
"371","N4B","4 Year","M",3,2019,1,"B","S","I","BSI",69.35,233.25,0,0,302.6
"372","N4B","4 Year","M",3,2020,2,"B","S","I","BSI",104.5,243.85,0,5.255,348.35
"373","N4B","4 Year","M",3,2021,3,"B","S","I","BSI",135.1,44.35,0,69.51,179.45
"374","N4B","4 Year","M",3,2022,4,"B","S","I","BSI",557.7,0.35,0,0,558.05
"375","N4B","4 Year","M",3,2023,5,"B","S","I","BSI",205.5,377.45,0,5.45,582.95
"376","N4B","4 Year","M",4,2019,1,"X","X","X","XXX",326.15,17.15,0,0,343.3
"377","N4B","4 Year","M",4,2020,2,"X","X","X","XXX",338.75,30.05,0,29.005,368.8
"378","N4B","4 Year","M",4,2021,3,"X","X","X","XXX",482.7,16.5,0,49.105,499.2
"379","N4B","4 Year","M",4,2022,4,"X","X","X","XXX",253.15,20.4,0,73.555,273.55
"380","N4B","4 Year","M",4,2023,5,"X","X","X","XXX",311.8,125.75,0,4.765,437.55
"381","N4B","4 Year","M",5,2019,1,"X","S","X","XSX",431.8,24.9,0,0,456.7
"382","N4B","4 Year","M",5,2020,2,"X","S","X","XSX",361.8,22,0,31.985,383.8
"383","N4B","4 Year","M",5,2021,3,"X","S","X","XSX",221.75,0,0,32.84,221.75
"384","N4B","4 Year","M",5,2022,4,"X","S","X","XSX",234.3,0.3,0,81.55,234.6
"385","N4B","4 Year","M",5,2023,5,"X","S","X","XSX",633.8,56.5,0,4.405,690.3
"386","N4B","4 Year","M",6,2019,1,"B","S","X","BSX",75.6,28.1,0,0,103.7
"387","N4B","4 Year","M",6,2020,2,"B","S","X","BSX",95.45,203.45,0,5.605,298.9
"388","N4B","4 Year","M",6,2021,3,"B","S","X","BSX",207.45,59.4,0,5.835,266.85
"389","N4B","4 Year","M",6,2022,4,"B","S","X","BSX",285.25,19,0,0,304.25
"390","N4B","4 Year","M",6,2023,5,"B","S","X","BSX",57.35,9.8,0,6.075,67.15
"391","N4B","4 Year","N",1,2019,1,"X","X","I","XXI",589.15,125.1,0,0,714.25
"392","N4B","4 Year","N",1,2020,2,"X","X","I","XXI",186.1,49.55,0,29.6,235.65
"393","N4B","4 Year","N",1,2021,3,"X","X","I","XXI",430.1,63.15,0,27.165,493.25
"394","N4B","4 Year","N",1,2022,4,"X","X","I","XXI",262.05,140.55,0,17.46,402.6
"395","N4B","4 Year","N",1,2023,5,"X","X","I","XXI",137.7,197.4,0,5.11,335.1
"396","N4B","4 Year","N",2,2019,1,"X","S","I","XSI",361.45,84.7,0,0,446.15
"397","N4B","4 Year","N",2,2020,2,"X","S","I","XSI",433.7,4.3,0,24.02,438
"398","N4B","4 Year","N",2,2021,3,"X","S","I","XSI",311.2,45.57,0,53.265,356.77
"399","N4B","4 Year","N",2,2022,4,"X","S","I","XSI",346.95,16.95,63.65,45.68,427.55
"400","N4B","4 Year","N",2,2023,5,"X","S","I","XSI",97.35,453.8,0,2.47,551.15
"401","N4B","4 Year","N",3,2019,1,"B","S","I","BSI",264,72.65,0,0,336.65
"402","N4B","4 Year","N",3,2020,2,"B","S","I","BSI",105.95,104.15,0,2.56,210.1
"403","N4B","4 Year","N",3,2021,3,"B","S","I","BSI",218.9,52.55,0,28.585,271.45
"404","N4B","4 Year","N",3,2022,4,"B","S","I","BSI",373.85,5.55,0,22.365,379.4
"405","N4B","4 Year","N",3,2023,5,"B","S","I","BSI",58.7,61.15,0,1.545,119.85
"406","N4B","4 Year","N",4,2019,1,"X","X","X","XXX",488.5,98.25,0,0,586.75
"407","N4B","4 Year","N",4,2020,2,"X","X","X","XXX",573.75,166.2,0,33.43,739.95
"408","N4B","4 Year","N",4,2021,3,"X","X","X","XXX",128.1,15.35,0,60.925,143.45
"409","N4B","4 Year","N",4,2022,4,"X","X","X","XXX",403.9,253.9,0,31.22,657.8
"410","N4B","4 Year","N",4,2023,5,"X","X","X","XXX",369.35,226.05,44,0.59,639.4
"411","N4B","4 Year","N",5,2019,1,"X","S","X","XSX",471.55,4.9,0,0,476.45
"412","N4B","4 Year","N",5,2020,2,"X","S","X","XSX",456.3,1.65,0,26.38,457.95
"413","N4B","4 Year","N",5,2021,3,"X","S","X","XSX",367.2,7.7507,0,38.12,374.9507
"414","N4B","4 Year","N",5,2022,4,"X","S","X","XSX",59.05,113.55,0,88.94,172.6
"415","N4B","4 Year","N",5,2023,5,"X","S","X","XSX",236.9,162.6,6.85,11.3,406.35
"416","N4B","4 Year","N",6,2019,1,"B","S","X","BSX",90.85,158.35,0,0,249.2
"417","N4B","4 Year","N",6,2020,2,"B","S","X","BSX",85.3,151.75,0,4.385,237.05
"418","N4B","4 Year","N",6,2021,3,"B","S","X","BSX",352.55,49.15,42.25,20.28,443.95
"419","N4B","4 Year","N",6,2022,4,"B","S","X","BSX",444.85,53.1,0,69.125,497.95
"420","N4B","4 Year","N",6,2023,5,"B","S","X","BSX",122.8,308.9,0,0,431.7
"421","N4B","4 Year","O",1,2019,1,"X","X","I","XXI",515.8,59.9,27.55,0,603.25
"422","N4B","4 Year","O",1,2020,2,"X","X","I","XXI",401.55,4.25,0,26.03,405.8
"423","N4B","4 Year","O",1,2021,3,"X","X","I","XXI",255.45,6.875,0,48.745,262.325
"424","N4B","4 Year","O",1,2022,4,"X","X","I","XXI",188.7,0,0,47.08,188.7
"425","N4B","4 Year","O",1,2023,5,"X","X","I","XXI",389.05,0,0,8.59,389.05
"426","N4B","4 Year","O",2,2019,1,"X","S","I","XSI",325.25,4.5,0,0,329.75
"427","N4B","4 Year","O",2,2020,2,"X","S","I","XSI",471.25,11.15,0,18.575,482.4
"428","N4B","4 Year","O",2,2021,3,"X","S","I","XSI",335.05,0.4705,0,76.48,335.5205
"429","N4B","4 Year","O",2,2022,4,"X","S","I","XSI",201.4,0.35,0,72.39,201.75
"430","N4B","4 Year","O",2,2023,5,"X","S","I","XSI",446.7,0,0,0,446.7
"431","N4B","4 Year","O",3,2019,1,"B","S","I","BSI",103.2,100,0,0,203.2
"432","N4B","4 Year","O",3,2020,2,"B","S","I","BSI",142.4,38.4,0,0,180.8
"433","N4B","4 Year","O",3,2021,3,"B","S","I","BSI",149,34,0,5.275,183
"434","N4B","4 Year","O",3,2022,4,"B","S","I","BSI",127.5,66.05,0,2.85,193.55
"435","N4B","4 Year","O",3,2023,5,"B","S","I","BSI",189.05,19.25,0,0.86,208.3
"436","N4B","4 Year","O",4,2019,1,"X","X","X","XXX",312.7,29.8,0,0,342.5
"437","N4B","4 Year","O",4,2020,2,"X","X","X","XXX",358.3,8.9,0,19.655,367.2
"438","N4B","4 Year","O",4,2021,3,"X","X","X","XXX",240.95,6.2,0,30.6,247.15
"439","N4B","4 Year","O",4,2022,4,"X","X","X","XXX",548.5,1.5,402.55,89.54,952.55
"440","N4B","4 Year","O",4,2023,5,"X","X","X","XXX",440.4,2.8,0,0,443.2
"441","N4B","4 Year","O",5,2019,1,"X","S","X","XSX",290.15,13,0,0,303.15
"442","N4B","4 Year","O",5,2020,2,"X","S","X","XSX",407.15,31.7,0,10.35,438.85
"443","N4B","4 Year","O",5,2021,3,"X","S","X","XSX",160.8,48.65,0,23.485,209.45
"444","N4B","4 Year","O",5,2022,4,"X","S","X","XSX",554.35,0.05,0,33.125,554.4
"445","N4B","4 Year","O",5,2023,5,"X","S","X","XSX",327.4,0.75,12.2,0,340.35
"446","N4B","4 Year","O",6,2019,1,"B","S","X","BSX",256.8,11.45,0,0,268.25
"447","N4B","4 Year","O",6,2020,2,"B","S","X","BSX",85.25,15.1,0,2.725,100.35
"448","N4B","4 Year","O",6,2021,3,"B","S","X","BSX",198.2,14.27,0,4.26,212.47
"449","N4B","4 Year","O",6,2022,4,"B","S","X","BSX",572.9,20.25,0,10.76,593.15
"450","N4B","4 Year","O",6,2023,5,"B","S","X","BSX",138.15,11.9,0,1.435,150.05
"451","N4B","4 Year","P",1,2019,1,"X","X","X","XXX",436.45,305.85,0,0,742.3
"452","N4B","4 Year","P",1,2020,2,"X","X","X","XXX",332.1,273.2,11.2,46.005,616.5
"453","N4B","4 Year","P",1,2021,3,"X","X","X","XXX",150.2,318.05,0,133.625,468.25
"454","N4B","4 Year","P",1,2022,4,"X","X","X","XXX",215.85,96.25,99.55,49.87,411.65
"455","N4B","4 Year","P",1,2023,5,"X","X","X","XXX",142.5,240.15,22.15,13.445,404.8
"456","N4B","4 Year","P",2,2019,1,"X","S","X","XSX",355.05,821,0,0,1176.05
"457","N4B","4 Year","P",2,2020,2,"X","S","X","XSX",285.95,286.2,0,45.11,572.15
"458","N4B","4 Year","P",2,2021,3,"X","S","X","XSX",80.05,191.65,0,90.01,271.7
"459","N4B","4 Year","P",2,2022,4,"X","S","X","XSX",91.55,15.5,546.25,76.8,653.3
"460","N4B","4 Year","P",2,2023,5,"X","S","X","XSX",331.05,36.05,0,0,367.1
"461","N4B","4 Year","P",3,2019,1,"B","S","X","BSX",122.8,107.45,0,0,230.25
"462","N4B","4 Year","P",3,2020,2,"B","S","X","BSX",248.05,117.95,0,1.66,366
"463","N4B","4 Year","P",3,2021,3,"B","S","X","BSX",209.05,0.6,0,10.87,209.65
"464","N4B","4 Year","P",3,2022,4,"B","S","X","BSX",340.65,1.6,16.75,2.685,359
"465","N4B","4 Year","P",3,2023,5,"B","S","X","BSX",86.3,97.85,0,3.41,184.15
"466","N4B","4 Year","P",4,2019,1,"X","X","I","XXI",248.65,27.9,0,0,276.55
"467","N4B","4 Year","P",4,2020,2,"X","X","I","XXI",202.9,0,0,13.665,202.9
"468","N4B","4 Year","P",4,2021,3,"X","X","I","XXI",155.8,6.9,0,9.615,162.7
"469","N4B","4 Year","P",4,2022,4,"X","X","I","XXI",329.65,2.4,0,58.955,332.05
"470","N4B","4 Year","P",4,2023,5,"X","X","I","XXI",308.8,27.5,0,1.985,336.3
"471","N4B","4 Year","P",5,2019,1,"X","S","I","XSI",266.35,14.55,15,0,295.9
"472","N4B","4 Year","P",5,2020,2,"X","S","I","XSI",324.3,15.65,0,22.14,339.95
"473","N4B","4 Year","P",5,2021,3,"X","S","I","XSI",191.4,11.1,0,39.99,202.5
"474","N4B","4 Year","P",5,2022,4,"X","S","I","XSI",434.25,0,0,98.39,434.25
"475","N4B","4 Year","P",5,2023,5,"X","S","I","XSI",251.7,44.55,0,0,296.25
"476","N4B","4 Year","P",6,2019,1,"B","S","I","BSI",42.6,77.65,4.1,0,124.35
"477","N4B","4 Year","P",6,2020,2,"B","S","I","BSI",193.8,96.25,0,0,290.05
"478","N4B","4 Year","P",6,2021,3,"B","S","I","BSI",80.6,109.4,7.35,0,197.35
"479","N4B","4 Year","P",6,2022,4,"B","S","I","BSI",322.05,195.25,197.65,0,714.95
"480","N4B","4 Year","P",6,2023,5,"B","S","I","BSI",266.7,48.95,0,0.515,315.65
"481","N4B","4 Year","Q",1,2019,1,"X","X","X","XXX",394.65,184.2,0,0,578.85
"482","N4B","4 Year","Q",1,2020,2,"X","X","X","XXX",245.2,97.5,0,18.575,342.7
"483","N4B","4 Year","Q",1,2021,3,"X","X","X","XXX",216,69.8,0,25.715,285.8
"484","N4B","4 Year","Q",1,2022,4,"X","X","X","XXX",295.15,107.35,0,42.045,402.5
"485","N4B","4 Year","Q",1,2023,5,"X","X","X","XXX",186.05,116.25,0,7.455,302.3
"486","N4B","4 Year","Q",2,2019,1,"X","S","X","XSX",348.4,31.1,0,0,379.5
"487","N4B","4 Year","Q",2,2020,2,"X","S","X","XSX",525.65,20.2,0,0,545.85
"488","N4B","4 Year","Q",2,2021,3,"X","S","X","XSX",336.75,4.3,0,19.6,341.05
"489","N4B","4 Year","Q",2,2022,4,"X","S","X","XSX",497.15,3.1,0,40.665,500.25
"490","N4B","4 Year","Q",2,2023,5,"X","S","X","XSX",376.05,70.05,0,0.195,446.1
"491","N4B","4 Year","Q",3,2019,1,"B","S","X","BSX",234.7,0.45,0,0,235.15
"492","N4B","4 Year","Q",3,2020,2,"B","S","X","BSX",169.55,6.45,0,2.28,176
"493","N4B","4 Year","Q",3,2021,3,"B","S","X","BSX",82.5,56.8,0,4.715,139.3
"494","N4B","4 Year","Q",3,2022,4,"B","S","X","BSX",436.2,90.6,0,1.9,526.8
"495","N4B","4 Year","Q",3,2023,5,"B","S","X","BSX",284.25,23.9,0,2.09,308.15
"496","N4B","4 Year","Q",4,2019,1,"X","X","I","XXI",459.25,16.9,0,0,476.15
"497","N4B","4 Year","Q",4,2020,2,"X","X","I","XXI",430.7,11.35,0,22.455,442.05
"498","N4B","4 Year","Q",4,2021,3,"X","X","I","XXI",199.35,25.5,0,24.625,224.85
"499","N4B","4 Year","Q",4,2022,4,"X","X","I","XXI",325.4,29.25,5.15,62.64,359.8
"500","N4B","4 Year","Q",4,2023,5,"X","X","I","XXI",200.1,65.9,0,3.345,266
"501","N4B","4 Year","Q",5,2019,1,"X","S","I","XSI",263.7,5.2,0,0,268.9
"502","N4B","4 Year","Q",5,2020,2,"X","S","I","XSI",324.6,12.25,0,13.33,336.85
"503","N4B","4 Year","Q",5,2021,3,"X","S","I","XSI",310.1,3.5345,0,31.72,313.6345
"504","N4B","4 Year","Q",5,2022,4,"X","S","I","XSI",310.8,8.9,0,37.8,319.7
"505","N4B","4 Year","Q",5,2023,5,"X","S","I","XSI",237.95,21.25,0,0.315,259.2
"506","N4B","4 Year","Q",6,2019,1,"B","S","I","BSI",210.45,453,0,0,663.45
"507","N4B","4 Year","Q",6,2020,2,"B","S","I","BSI",124.65,80.6,0,11.665,205.25
"508","N4B","4 Year","Q",6,2021,3,"B","S","I","BSI",327.4,173.3,0,15.98,500.7
"509","N4B","4 Year","Q",6,2022,4,"B","S","I","BSI",218.2,231.5,0,38.185,449.7
"510","N4B","4 Year","Q",6,2023,5,"B","S","I","BSI",122.3,169.75,0,4.245,292.05
"511","N4B","4 Year","R",1,2019,1,"X","X","I","XXI",192.55,10.45,0,0,203
"512","N4B","4 Year","R",1,2020,2,"X","X","I","XXI",249.15,5.2,0,9.765,254.35
"513","N4B","4 Year","R",1,2021,3,"X","X","I","XXI",167.6,0.615,0,8.34,168.215
"514","N4B","4 Year","R",1,2023,5,"X","X","I","XXI",144.7,80,0,0,224.7
"515","N4B","4 Year","R",2,2019,1,"X","S","I","XSI",228.05,59.8,0,0,287.85
"516","N4B","4 Year","R",2,2020,2,"X","S","I","XSI",327.1,8.45,0,17.575,335.55
"517","N4B","4 Year","R",2,2021,3,"X","S","I","XSI",349.5,0,0,34.97,349.5
"518","N4B","4 Year","R",2,2022,4,"X","S","I","XSI",175.45,81.6,0,0,257.05
"519","N4B","4 Year","R",2,2023,5,"X","S","I","XSI",369.8,52.3,0,0,422.1
"520","N4B","4 Year","R",3,2019,1,"B","S","I","BSI",67.05,3.7,0,0,70.75
"521","N4B","4 Year","R",3,2020,2,"B","S","I","BSI",86.05,2.8,0,0,88.85
"522","N4B","4 Year","R",3,2021,3,"B","S","I","BSI",46.8,12.2,0,5.87,59
"523","N4B","4 Year","R",3,2022,4,"B","S","I","BSI",211.2,30.25,0,0,241.45
"524","N4B","4 Year","R",3,2023,5,"B","S","I","BSI",144.4,19.2,0,1.015,163.6
"525","N4B","4 Year","R",4,2019,1,"X","X","X","XXX",399.5,362.8,0,0,762.3
"526","N4B","4 Year","R",4,2020,2,"X","X","X","XXX",317.8,70.7,0,25.905,388.5
"527","N4B","4 Year","R",4,2021,3,"X","X","X","XXX",179.3,73.8,0,17.655,253.1
"528","N4B","4 Year","R",4,2023,5,"X","X","X","XXX",160.95,92.4,0,0.635,253.35
"529","N4B","4 Year","R",5,2019,1,"X","S","X","XSX",296.15,92.45,0,0,388.6
"530","N4B","4 Year","R",5,2020,2,"X","S","X","XSX",248.7,31.45,0,7.215,280.15
"531","N4B","4 Year","R",5,2021,3,"X","S","X","XSX",282.1,1.605,0,24.135,283.705
"532","N4B","4 Year","R",5,2022,4,"X","S","X","XSX",306.55,0,0,0,306.55
"533","N4B","4 Year","R",5,2023,5,"X","S","X","XSX",217.5,49.7,0,1.125,267.2
"534","N4B","4 Year","R",6,2019,1,"B","S","X","BSX",72.6,10.45,0,0,83.05
"535","N4B","4 Year","R",6,2020,2,"B","S","X","BSX",45.55,15.75,0,2.545,61.3
"536","N4B","4 Year","R",6,2021,3,"B","S","X","BSX",42.5,4.285,0,1.525,46.785
"537","N4B","4 Year","R",6,2022,4,"B","S","X","BSX",147.8,42.85,0,3.995,190.65
"538","N4B","4 Year","R",6,2023,5,"B","S","X","BSX",64.65,10.75,0,0,75.4
