"","year","watershed","block","plot","richness","Evar","project_name","bison","small_mammal","invertebrates","trt","ws_label","experiment_year"
"1",2018,"N1A","A",1,19,0.408891339634306,"conSME","X","X","I","XXI","Annual",0
"2",2019,"N1A","A",1,16,0.303998129906149,"conSME","X","X","I","XXI","Annual",1
"3",2020,"N1A","A",1,15,0.301821358142296,"conSME","X","X","I","XXI","Annual",2
"4",2021,"N1A","A",1,16,0.283087585996929,"conSME","X","X","I","XXI","Annual",3
"5",2022,"N1A","A",1,15,0.331331476969868,"conSME","X","X","I","XXI","Annual",4
"6",2023,"N1A","A",1,17,0.28002996789849,"conSME","X","X","I","XXI","Annual",5
"7",2018,"N1A","A",2,14,0.323758100106198,"conSME","X","S","I","XSI","Annual",0
"8",2019,"N1A","A",2,16,0.288529383817677,"conSME","X","S","I","XSI","Annual",1
"9",2020,"N1A","A",2,15,0.359030578620349,"conSME","X","S","I","XSI","Annual",2
"10",2021,"N1A","A",2,15,0.304298586971084,"conSME","X","S","I","XSI","Annual",3
"11",2022,"N1A","A",2,18,0.362687446549783,"conSME","X","S","I","XSI","Annual",4
"12",2023,"N1A","A",2,17,0.383961280893144,"conSME","X","S","I","XSI","Annual",5
"13",2018,"N1A","A",3,9,0.444150657332839,"conSME","B","S","I","BSI","Annual",0
"14",2019,"N1A","A",3,10,0.256384335958031,"conSME","B","S","I","BSI","Annual",1
"15",2020,"N1A","A",3,10,0.352775726777653,"conSME","B","S","I","BSI","Annual",2
"16",2021,"N1A","A",3,13,0.304162462121889,"conSME","B","S","I","BSI","Annual",3
"17",2022,"N1A","A",3,20,0.292339088218779,"conSME","B","S","I","BSI","Annual",4
"18",2023,"N1A","A",3,16,0.42160144579984,"conSME","B","S","I","BSI","Annual",5
"19",2018,"N1A","A",4,22,0.510542548126367,"conSME","X","X","X","XXX","Annual",0
"20",2019,"N1A","A",4,24,0.384499129627577,"conSME","X","X","X","XXX","Annual",1
"21",2020,"N1A","A",4,18,0.391433963151351,"conSME","X","X","X","XXX","Annual",2
"22",2021,"N1A","A",4,22,0.344930259328035,"conSME","X","X","X","XXX","Annual",3
"23",2022,"N1A","A",4,22,0.384955072115728,"conSME","X","X","X","XXX","Annual",4
"24",2023,"N1A","A",4,17,0.340425926331813,"conSME","X","X","X","XXX","Annual",5
"25",2018,"N1A","A",5,16,0.34494164661119,"conSME","X","S","X","XSX","Annual",0
"26",2019,"N1A","A",5,17,0.27498414524896,"conSME","X","S","X","XSX","Annual",1
"27",2020,"N1A","A",5,15,0.258710801965872,"conSME","X","S","X","XSX","Annual",2
"28",2021,"N1A","A",5,15,0.296608819795244,"conSME","X","S","X","XSX","Annual",3
"29",2022,"N1A","A",5,14,0.258361401139153,"conSME","X","S","X","XSX","Annual",4
"30",2023,"N1A","A",5,13,0.33233257492046,"conSME","X","S","X","XSX","Annual",5
"31",2018,"N1A","A",6,16,0.412837066490307,"conSME","B","S","X","BSX","Annual",0
"32",2019,"N1A","A",6,19,0.258718547486375,"conSME","B","S","X","BSX","Annual",1
"33",2020,"N1A","A",6,16,0.361928050211293,"conSME","B","S","X","BSX","Annual",2
"34",2021,"N1A","A",6,13,0.297978155089958,"conSME","B","S","X","BSX","Annual",3
"35",2022,"N1A","A",6,18,0.307248271190355,"conSME","B","S","X","BSX","Annual",4
"36",2023,"N1A","A",6,14,0.439761454140598,"conSME","B","S","X","BSX","Annual",5
"37",2018,"N1A","B",1,18,0.385057196643526,"conSME","X","X","I","XXI","Annual",0
"38",2019,"N1A","B",1,16,0.226829428046286,"conSME","X","X","I","XXI","Annual",1
"39",2020,"N1A","B",1,15,0.261835645850935,"conSME","X","X","I","XXI","Annual",2
"40",2021,"N1A","B",1,16,0.273018174323594,"conSME","X","X","I","XXI","Annual",3
"41",2022,"N1A","B",1,15,0.285275540920177,"conSME","X","X","I","XXI","Annual",4
"42",2023,"N1A","B",1,19,0.291065020038205,"conSME","X","X","I","XXI","Annual",5
"43",2018,"N1A","B",2,19,0.349593711397191,"conSME","X","S","I","XSI","Annual",0
"44",2019,"N1A","B",2,21,0.335265415568356,"conSME","X","S","I","XSI","Annual",1
"45",2020,"N1A","B",2,15,0.30635851853251,"conSME","X","S","I","XSI","Annual",2
"46",2021,"N1A","B",2,20,0.362157017852107,"conSME","X","S","I","XSI","Annual",3
"47",2022,"N1A","B",2,14,0.314415075966786,"conSME","X","S","I","XSI","Annual",4
"48",2023,"N1A","B",2,22,0.340520397735646,"conSME","X","S","I","XSI","Annual",5
"49",2018,"N1A","B",3,14,0.423412388139078,"conSME","B","S","I","BSI","Annual",0
"50",2019,"N1A","B",3,16,0.258850163223417,"conSME","B","S","I","BSI","Annual",1
"51",2020,"N1A","B",3,15,0.315712499217957,"conSME","B","S","I","BSI","Annual",2
"52",2021,"N1A","B",3,15,0.224648601165173,"conSME","B","S","I","BSI","Annual",3
"53",2022,"N1A","B",3,14,0.345265732225336,"conSME","B","S","I","BSI","Annual",4
"54",2023,"N1A","B",3,20,0.327875241348556,"conSME","B","S","I","BSI","Annual",5
"55",2018,"N1A","B",4,21,0.459138588845853,"conSME","X","X","X","XXX","Annual",0
"56",2019,"N1A","B",4,21,0.3796474292233,"conSME","X","X","X","XXX","Annual",1
"57",2020,"N1A","B",4,17,0.39212552192034,"conSME","X","X","X","XXX","Annual",2
"58",2021,"N1A","B",4,20,0.328437843917671,"conSME","X","X","X","XXX","Annual",3
"59",2022,"N1A","B",4,18,0.310184665680644,"conSME","X","X","X","XXX","Annual",4
"60",2023,"N1A","B",4,19,0.331752013503697,"conSME","X","X","X","XXX","Annual",5
"61",2018,"N1A","B",5,17,0.328615006924503,"conSME","X","S","X","XSX","Annual",0
"62",2019,"N1A","B",5,16,0.291534122443743,"conSME","X","S","X","XSX","Annual",1
"63",2020,"N1A","B",5,13,0.33132953297686,"conSME","X","S","X","XSX","Annual",2
"64",2021,"N1A","B",5,15,0.320001385766319,"conSME","X","S","X","XSX","Annual",3
"65",2022,"N1A","B",5,14,0.291980059344647,"conSME","X","S","X","XSX","Annual",4
"66",2023,"N1A","B",5,17,0.283169438925305,"conSME","X","S","X","XSX","Annual",5
"67",2018,"N1A","B",6,14,0.348164361551623,"conSME","B","S","X","BSX","Annual",0
"68",2019,"N1A","B",6,15,0.291961611917489,"conSME","B","S","X","BSX","Annual",1
"69",2020,"N1A","B",6,15,0.314412319543681,"conSME","B","S","X","BSX","Annual",2
"70",2021,"N1A","B",6,15,0.29592644153284,"conSME","B","S","X","BSX","Annual",3
"71",2022,"N1A","B",6,15,0.340332065400602,"conSME","B","S","X","BSX","Annual",4
"72",2023,"N1A","B",6,18,0.360319762168547,"conSME","B","S","X","BSX","Annual",5
"73",2018,"N1A","C",1,15,0.377669521157691,"conSME","X","X","I","XXI","Annual",0
"74",2019,"N1A","C",1,15,0.255078793565984,"conSME","X","X","I","XXI","Annual",1
"75",2020,"N1A","C",1,11,0.372306365785106,"conSME","X","X","I","XXI","Annual",2
"76",2021,"N1A","C",1,13,0.271750189202444,"conSME","X","X","I","XXI","Annual",3
"77",2022,"N1A","C",1,16,0.282392552842513,"conSME","X","X","I","XXI","Annual",4
"78",2023,"N1A","C",1,16,0.284122334514703,"conSME","X","X","I","XXI","Annual",5
"79",2018,"N1A","C",2,17,0.42720923344811,"conSME","X","S","I","XSI","Annual",0
"80",2019,"N1A","C",2,22,0.375204303256499,"conSME","X","S","I","XSI","Annual",1
"81",2020,"N1A","C",2,14,0.305148968833382,"conSME","X","S","I","XSI","Annual",2
"82",2021,"N1A","C",2,19,0.283881304538775,"conSME","X","S","I","XSI","Annual",3
"83",2022,"N1A","C",2,14,0.308224625121831,"conSME","X","S","I","XSI","Annual",4
"84",2023,"N1A","C",2,17,0.278094549243159,"conSME","X","S","I","XSI","Annual",5
"85",2018,"N1A","C",3,22,0.382744888624741,"conSME","B","S","I","BSI","Annual",0
"86",2019,"N1A","C",3,24,0.317594937155129,"conSME","B","S","I","BSI","Annual",1
"87",2020,"N1A","C",3,19,0.354727429342407,"conSME","B","S","I","BSI","Annual",2
"88",2021,"N1A","C",3,22,0.368654739272344,"conSME","B","S","I","BSI","Annual",3
"89",2022,"N1A","C",3,23,0.327992974155074,"conSME","B","S","I","BSI","Annual",4
"90",2023,"N1A","C",3,21,0.423726475696527,"conSME","B","S","I","BSI","Annual",5
"91",2018,"N1A","C",4,15,0.34296784871883,"conSME","X","X","X","XXX","Annual",0
"92",2019,"N1A","C",4,17,0.305359481840114,"conSME","X","X","X","XXX","Annual",1
"93",2020,"N1A","C",4,13,0.322600823997512,"conSME","X","X","X","XXX","Annual",2
"94",2021,"N1A","C",4,15,0.288636172676373,"conSME","X","X","X","XXX","Annual",3
"95",2022,"N1A","C",4,13,0.276092578296988,"conSME","X","X","X","XXX","Annual",4
"96",2023,"N1A","C",4,15,0.403621111166206,"conSME","X","X","X","XXX","Annual",5
"97",2018,"N1A","C",5,15,0.330687802898806,"conSME","X","S","X","XSX","Annual",0
"98",2019,"N1A","C",5,16,0.234364043455301,"conSME","X","S","X","XSX","Annual",1
"99",2020,"N1A","C",5,10,0.262654213133246,"conSME","X","S","X","XSX","Annual",2
"100",2021,"N1A","C",5,10,0.257058220804309,"conSME","X","S","X","XSX","Annual",3
"101",2022,"N1A","C",5,13,0.252999677671613,"conSME","X","S","X","XSX","Annual",4
"102",2023,"N1A","C",5,14,0.279546189072948,"conSME","X","S","X","XSX","Annual",5
"103",2018,"N1A","C",6,20,0.426801803980995,"conSME","B","S","X","BSX","Annual",0
"104",2019,"N1A","C",6,21,0.311311706864898,"conSME","B","S","X","BSX","Annual",1
"105",2020,"N1A","C",6,21,0.344384456198542,"conSME","B","S","X","BSX","Annual",2
"106",2021,"N1A","C",6,20,0.373110153205337,"conSME","B","S","X","BSX","Annual",3
"107",2022,"N1A","C",6,20,0.315233508796486,"conSME","B","S","X","BSX","Annual",4
"108",2023,"N1A","C",6,21,0.478067705314103,"conSME","B","S","X","BSX","Annual",5
"109",2018,"N1A","D",1,16,0.50205166953918,"conSME","X","X","I","XXI","Annual",0
"110",2019,"N1A","D",1,25,0.411724960807068,"conSME","X","X","I","XXI","Annual",1
"111",2020,"N1A","D",1,17,0.415280191438474,"conSME","X","X","I","XXI","Annual",2
"112",2021,"N1A","D",1,16,0.325150524396598,"conSME","X","X","I","XXI","Annual",3
"113",2022,"N1A","D",1,16,0.342048202544895,"conSME","X","X","I","XXI","Annual",4
"114",2023,"N1A","D",1,17,0.333282267500304,"conSME","X","X","I","XXI","Annual",5
"115",2018,"N1A","D",2,18,0.418135119437101,"conSME","X","S","I","XSI","Annual",0
"116",2019,"N1A","D",2,25,0.361121598539473,"conSME","X","S","I","XSI","Annual",1
"117",2020,"N1A","D",2,20,0.343717559441596,"conSME","X","S","I","XSI","Annual",2
"118",2021,"N1A","D",2,18,0.282287717413955,"conSME","X","S","I","XSI","Annual",3
"119",2022,"N1A","D",2,17,0.2868574722019,"conSME","X","S","I","XSI","Annual",4
"120",2023,"N1A","D",2,17,0.309607342293646,"conSME","X","S","I","XSI","Annual",5
"121",2018,"N1A","D",3,22,0.450861079289262,"conSME","B","S","I","BSI","Annual",0
"122",2019,"N1A","D",3,30,0.370084682819164,"conSME","B","S","I","BSI","Annual",1
"123",2020,"N1A","D",3,20,0.401496346193087,"conSME","B","S","I","BSI","Annual",2
"124",2021,"N1A","D",3,26,0.302101650668889,"conSME","B","S","I","BSI","Annual",3
"125",2022,"N1A","D",3,20,0.44228974097911,"conSME","B","S","I","BSI","Annual",4
"126",2023,"N1A","D",3,18,0.347200936298693,"conSME","B","S","I","BSI","Annual",5
"127",2018,"N1A","D",4,22,0.554604773121975,"conSME","X","X","X","XXX","Annual",0
"128",2019,"N1A","D",4,22,0.417335132296357,"conSME","X","X","X","XXX","Annual",1
"129",2020,"N1A","D",4,20,0.427216640491365,"conSME","X","X","X","XXX","Annual",2
"130",2021,"N1A","D",4,20,0.411883997881611,"conSME","X","X","X","XXX","Annual",3
"131",2022,"N1A","D",4,15,0.329622138473165,"conSME","X","X","X","XXX","Annual",4
"132",2023,"N1A","D",4,17,0.32527973410025,"conSME","X","X","X","XXX","Annual",5
"133",2018,"N1A","D",5,17,0.415602809179386,"conSME","X","S","X","XSX","Annual",0
"134",2019,"N1A","D",5,21,0.411110253202228,"conSME","X","S","X","XSX","Annual",1
"135",2020,"N1A","D",5,17,0.383662090242943,"conSME","X","S","X","XSX","Annual",2
"136",2021,"N1A","D",5,18,0.390755009600527,"conSME","X","S","X","XSX","Annual",3
"137",2022,"N1A","D",5,18,0.361337377845982,"conSME","X","S","X","XSX","Annual",4
"138",2023,"N1A","D",5,20,0.37342209740573,"conSME","X","S","X","XSX","Annual",5
"139",2018,"N1A","D",6,21,0.486029807693531,"conSME","B","S","X","BSX","Annual",0
"140",2019,"N1A","D",6,29,0.40903963000825,"conSME","B","S","X","BSX","Annual",1
"141",2020,"N1A","D",6,21,0.354120774672422,"conSME","B","S","X","BSX","Annual",2
"142",2021,"N1A","D",6,18,0.331096290649361,"conSME","B","S","X","BSX","Annual",3
"143",2022,"N1A","D",6,18,0.399997458887131,"conSME","B","S","X","BSX","Annual",4
"144",2023,"N1A","D",6,21,0.305561830038443,"conSME","B","S","X","BSX","Annual",5
"145",2018,"N1A","E",1,21,0.5148610181941,"conSME","X","X","X","XXX","Annual",0
"146",2019,"N1A","E",1,30,0.3716897927795,"conSME","X","X","X","XXX","Annual",1
"147",2020,"N1A","E",1,19,0.336069711975473,"conSME","X","X","X","XXX","Annual",2
"148",2021,"N1A","E",1,19,0.333026422498571,"conSME","X","X","X","XXX","Annual",3
"149",2022,"N1A","E",1,23,0.290553411132385,"conSME","X","X","X","XXX","Annual",4
"150",2023,"N1A","E",1,17,0.341515953554601,"conSME","X","X","X","XXX","Annual",5
"151",2018,"N1A","E",2,20,0.413376289571927,"conSME","X","S","X","XSX","Annual",0
"152",2019,"N1A","E",2,27,0.339719590854391,"conSME","X","S","X","XSX","Annual",1
"153",2020,"N1A","E",2,16,0.308855087178631,"conSME","X","S","X","XSX","Annual",2
"154",2021,"N1A","E",2,17,0.369283511502221,"conSME","X","S","X","XSX","Annual",3
"155",2022,"N1A","E",2,20,0.342234506589083,"conSME","X","S","X","XSX","Annual",4
"156",2023,"N1A","E",2,17,0.323653603052213,"conSME","X","S","X","XSX","Annual",5
"157",2018,"N1A","E",3,20,0.455220091478386,"conSME","B","S","X","BSX","Annual",0
"158",2019,"N1A","E",3,32,0.49252450804002,"conSME","B","S","X","BSX","Annual",1
"159",2020,"N1A","E",3,25,0.530027415068251,"conSME","B","S","X","BSX","Annual",2
"160",2021,"N1A","E",3,27,0.392488218634934,"conSME","B","S","X","BSX","Annual",3
"161",2022,"N1A","E",3,27,0.551459053045659,"conSME","B","S","X","BSX","Annual",4
"162",2023,"N1A","E",3,24,0.495110137648762,"conSME","B","S","X","BSX","Annual",5
"163",2018,"N1A","E",4,22,0.484175489352025,"conSME","X","X","I","XXI","Annual",0
"164",2019,"N1A","E",4,29,0.383687213768715,"conSME","X","X","I","XXI","Annual",1
"165",2020,"N1A","E",4,20,0.370842657764392,"conSME","X","X","I","XXI","Annual",2
"166",2021,"N1A","E",4,21,0.36818944395186,"conSME","X","X","I","XXI","Annual",3
"167",2022,"N1A","E",4,23,0.346494902884382,"conSME","X","X","I","XXI","Annual",4
"168",2023,"N1A","E",4,18,0.32487503844021,"conSME","X","X","I","XXI","Annual",5
"169",2018,"N1A","E",5,26,0.616662501910214,"conSME","X","S","I","XSI","Annual",0
"170",2019,"N1A","E",5,28,0.448035019625561,"conSME","X","S","I","XSI","Annual",1
"171",2020,"N1A","E",5,19,0.403572951379465,"conSME","X","S","I","XSI","Annual",2
"172",2021,"N1A","E",5,18,0.367528063586309,"conSME","X","S","I","XSI","Annual",3
"173",2022,"N1A","E",5,23,0.38764238591107,"conSME","X","S","I","XSI","Annual",4
"174",2023,"N1A","E",5,16,0.27873119846179,"conSME","X","S","I","XSI","Annual",5
"175",2018,"N1A","E",6,18,0.47197271986905,"conSME","B","S","I","BSI","Annual",0
"176",2019,"N1A","E",6,34,0.49449290590532,"conSME","B","S","I","BSI","Annual",1
"177",2020,"N1A","E",6,21,0.374598082974003,"conSME","B","S","I","BSI","Annual",2
"178",2021,"N1A","E",6,30,0.388845595328847,"conSME","B","S","I","BSI","Annual",3
"179",2022,"N1A","E",6,23,0.391388204521855,"conSME","B","S","I","BSI","Annual",4
"180",2023,"N1A","E",6,23,0.414794760856991,"conSME","B","S","I","BSI","Annual",5
"181",2018,"N1A","F",1,24,0.499841987888669,"conSME","X","X","X","XXX","Annual",0
"182",2019,"N1A","F",1,20,0.409540003870299,"conSME","X","X","X","XXX","Annual",1
"183",2020,"N1A","F",1,17,0.356477959922609,"conSME","X","X","X","XXX","Annual",2
"184",2021,"N1A","F",1,19,0.426150229606731,"conSME","X","X","X","XXX","Annual",3
"185",2022,"N1A","F",1,20,0.358984886325871,"conSME","X","X","X","XXX","Annual",4
"186",2023,"N1A","F",1,20,0.387251875376158,"conSME","X","X","X","XXX","Annual",5
"187",2018,"N1A","F",2,20,0.38323067357359,"conSME","X","S","X","XSX","Annual",0
"188",2019,"N1A","F",2,28,0.37137726366975,"conSME","X","S","X","XSX","Annual",1
"189",2020,"N1A","F",2,17,0.315914360129359,"conSME","X","S","X","XSX","Annual",2
"190",2021,"N1A","F",2,18,0.306618925895888,"conSME","X","S","X","XSX","Annual",3
"191",2022,"N1A","F",2,22,0.351893262570308,"conSME","X","S","X","XSX","Annual",4
"192",2023,"N1A","F",2,17,0.353390392090187,"conSME","X","S","X","XSX","Annual",5
"193",2018,"N1A","F",3,21,0.327207828381692,"conSME","B","S","X","BSX","Annual",0
"194",2019,"N1A","F",3,23,0.339630357970868,"conSME","B","S","X","BSX","Annual",1
"195",2020,"N1A","F",3,16,0.34412200352434,"conSME","B","S","X","BSX","Annual",2
"196",2021,"N1A","F",3,17,0.302115592067783,"conSME","B","S","X","BSX","Annual",3
"197",2022,"N1A","F",3,19,0.473766263251626,"conSME","B","S","X","BSX","Annual",4
"198",2023,"N1A","F",3,16,0.521973529786354,"conSME","B","S","X","BSX","Annual",5
"199",2018,"N1A","F",4,23,0.578039339396168,"conSME","X","X","I","XXI","Annual",0
"200",2019,"N1A","F",4,31,0.445450430105082,"conSME","X","X","I","XXI","Annual",1
"201",2020,"N1A","F",4,21,0.412853915050854,"conSME","X","X","I","XXI","Annual",2
"202",2021,"N1A","F",4,21,0.371647562615014,"conSME","X","X","I","XXI","Annual",3
"203",2022,"N1A","F",4,22,0.374276067025218,"conSME","X","X","I","XXI","Annual",4
"204",2023,"N1A","F",4,17,0.360103131207263,"conSME","X","X","I","XXI","Annual",5
"205",2018,"N1A","F",5,18,0.452984018804583,"conSME","X","S","I","XSI","Annual",0
"206",2019,"N1A","F",5,27,0.327767476905798,"conSME","X","S","I","XSI","Annual",1
"207",2020,"N1A","F",5,16,0.354414164584075,"conSME","X","S","I","XSI","Annual",2
"208",2021,"N1A","F",5,20,0.383176177134776,"conSME","X","S","I","XSI","Annual",3
"209",2022,"N1A","F",5,18,0.412600692992427,"conSME","X","S","I","XSI","Annual",4
"210",2023,"N1A","F",5,17,0.357432424458139,"conSME","X","S","I","XSI","Annual",5
"211",2018,"N1A","F",6,15,0.410601169587226,"conSME","B","S","I","BSI","Annual",0
"212",2019,"N1A","F",6,27,0.320503655420948,"conSME","B","S","I","BSI","Annual",1
"213",2020,"N1A","F",6,20,0.42212202668105,"conSME","B","S","I","BSI","Annual",2
"214",2021,"N1A","F",6,22,0.377695486496651,"conSME","B","S","I","BSI","Annual",3
"215",2022,"N1A","F",6,21,0.431961014512382,"conSME","B","S","I","BSI","Annual",4
"216",2023,"N1A","F",6,21,0.477218929628644,"conSME","B","S","I","BSI","Annual",5
"217",2018,"N1A","G",1,21,0.456483061283819,"conSME","X","X","I","XXI","Annual",0
"218",2019,"N1A","G",1,30,0.464231366516528,"conSME","X","X","I","XXI","Annual",1
"219",2020,"N1A","G",1,13,0.436637329370047,"conSME","X","X","I","XXI","Annual",2
"220",2021,"N1A","G",1,16,0.333478721900825,"conSME","X","X","I","XXI","Annual",3
"221",2022,"N1A","G",1,16,0.347806898735451,"conSME","X","X","I","XXI","Annual",4
"222",2023,"N1A","G",1,15,0.343053105220885,"conSME","X","X","I","XXI","Annual",5
"223",2018,"N1A","G",2,14,0.361216671778761,"conSME","X","S","I","XSI","Annual",0
"224",2019,"N1A","G",2,28,0.392353312772078,"conSME","X","S","I","XSI","Annual",1
"225",2020,"N1A","G",2,15,0.360706709449301,"conSME","X","S","I","XSI","Annual",2
"226",2021,"N1A","G",2,15,0.393422070419937,"conSME","X","S","I","XSI","Annual",3
"227",2022,"N1A","G",2,14,0.31831287211139,"conSME","X","S","I","XSI","Annual",4
"228",2023,"N1A","G",2,16,0.321635352639502,"conSME","X","S","I","XSI","Annual",5
"229",2018,"N1A","G",3,17,0.464585920791555,"conSME","B","S","I","BSI","Annual",0
"230",2019,"N1A","G",3,28,0.431728803348022,"conSME","B","S","I","BSI","Annual",1
"231",2020,"N1A","G",3,18,0.43065647585815,"conSME","B","S","I","BSI","Annual",2
"232",2021,"N1A","G",3,19,0.336811671248761,"conSME","B","S","I","BSI","Annual",3
"233",2022,"N1A","G",3,13,0.365622321896197,"conSME","B","S","I","BSI","Annual",4
"234",2023,"N1A","G",3,17,0.350351465181704,"conSME","B","S","I","BSI","Annual",5
"235",2018,"N1A","G",4,22,0.606150809941552,"conSME","X","X","X","XXX","Annual",0
"236",2019,"N1A","G",4,29,0.430424796840228,"conSME","X","X","X","XXX","Annual",1
"237",2020,"N1A","G",4,12,0.356979804409025,"conSME","X","X","X","XXX","Annual",2
"238",2021,"N1A","G",4,15,0.319720796911185,"conSME","X","X","X","XXX","Annual",3
"239",2022,"N1A","G",4,18,0.362158789836188,"conSME","X","X","X","XXX","Annual",4
"240",2023,"N1A","G",4,11,0.312024028641517,"conSME","X","X","X","XXX","Annual",5
"241",2018,"N1A","G",5,18,0.519179122502881,"conSME","X","S","X","XSX","Annual",0
"242",2019,"N1A","G",5,32,0.437016547977246,"conSME","X","S","X","XSX","Annual",1
"243",2020,"N1A","G",5,22,0.41347986031353,"conSME","X","S","X","XSX","Annual",2
"244",2021,"N1A","G",5,21,0.382916825623375,"conSME","X","S","X","XSX","Annual",3
"245",2022,"N1A","G",5,23,0.360205901333868,"conSME","X","S","X","XSX","Annual",4
"246",2023,"N1A","G",5,19,0.349467328420174,"conSME","X","S","X","XSX","Annual",5
"247",2018,"N1A","G",6,19,0.444525649305647,"conSME","B","S","X","BSX","Annual",0
"248",2019,"N1A","G",6,32,0.416915741046833,"conSME","B","S","X","BSX","Annual",1
"249",2020,"N1A","G",6,22,0.474763871510074,"conSME","B","S","X","BSX","Annual",2
"250",2021,"N1A","G",6,25,0.420118028193952,"conSME","B","S","X","BSX","Annual",3
"251",2022,"N1A","G",6,25,0.483461096880178,"conSME","B","S","X","BSX","Annual",4
"252",2023,"N1A","G",6,28,0.489890668217998,"conSME","B","S","X","BSX","Annual",5
"253",2018,"N1A","H",1,19,0.494446523891613,"conSME","X","X","I","XXI","Annual",0
"254",2019,"N1A","H",1,29,0.402527296269722,"conSME","X","X","I","XXI","Annual",1
"255",2020,"N1A","H",1,20,0.343056711241209,"conSME","X","X","I","XXI","Annual",2
"256",2021,"N1A","H",1,17,0.313218228648095,"conSME","X","X","I","XXI","Annual",3
"257",2022,"N1A","H",1,15,0.3543625870681,"conSME","X","X","I","XXI","Annual",4
"258",2023,"N1A","H",1,10,0.326423313303439,"conSME","X","X","I","XXI","Annual",5
"259",2018,"N1A","H",2,11,0.327211128068078,"conSME","X","S","I","XSI","Annual",0
"260",2019,"N1A","H",2,28,0.378514821184375,"conSME","X","S","I","XSI","Annual",1
"261",2020,"N1A","H",2,12,0.326736226864441,"conSME","X","S","I","XSI","Annual",2
"262",2021,"N1A","H",2,18,0.32773735476442,"conSME","X","S","I","XSI","Annual",3
"263",2022,"N1A","H",2,17,0.345513213309035,"conSME","X","S","I","XSI","Annual",4
"264",2023,"N1A","H",2,17,0.383855700001753,"conSME","X","S","I","XSI","Annual",5
"265",2018,"N1A","H",3,13,0.444345185349087,"conSME","B","S","I","BSI","Annual",0
"266",2019,"N1A","H",3,23,0.409908703349789,"conSME","B","S","I","BSI","Annual",1
"267",2020,"N1A","H",3,19,0.532179031101055,"conSME","B","S","I","BSI","Annual",2
"268",2021,"N1A","H",3,23,0.40822806800617,"conSME","B","S","I","BSI","Annual",3
"269",2022,"N1A","H",3,16,0.385971334107213,"conSME","B","S","I","BSI","Annual",4
"270",2023,"N1A","H",3,19,0.433069966835504,"conSME","B","S","I","BSI","Annual",5
"271",2018,"N1A","H",4,24,0.420207365627133,"conSME","X","X","X","XXX","Annual",0
"272",2019,"N1A","H",4,34,0.451400644390502,"conSME","X","X","X","XXX","Annual",1
"273",2020,"N1A","H",4,19,0.369377890033612,"conSME","X","X","X","XXX","Annual",2
"274",2021,"N1A","H",4,20,0.362372526943005,"conSME","X","X","X","XXX","Annual",3
"275",2022,"N1A","H",4,19,0.328283001714549,"conSME","X","X","X","XXX","Annual",4
"276",2023,"N1A","H",4,16,0.293824041936713,"conSME","X","X","X","XXX","Annual",5
"277",2018,"N1A","H",5,17,0.400893913530341,"conSME","X","S","X","XSX","Annual",0
"278",2019,"N1A","H",5,27,0.329491332413383,"conSME","X","S","X","XSX","Annual",1
"279",2020,"N1A","H",5,13,0.245304108044486,"conSME","X","S","X","XSX","Annual",2
"280",2021,"N1A","H",5,21,0.344237919775892,"conSME","X","S","X","XSX","Annual",3
"281",2022,"N1A","H",5,15,0.315896349120178,"conSME","X","S","X","XSX","Annual",4
"282",2023,"N1A","H",5,12,0.310286662048403,"conSME","X","S","X","XSX","Annual",5
"283",2018,"N1A","H",6,16,0.571911610336963,"conSME","B","S","X","BSX","Annual",0
"284",2019,"N1A","H",6,31,0.413348151123543,"conSME","B","S","X","BSX","Annual",1
"285",2020,"N1A","H",6,21,0.551505391817727,"conSME","B","S","X","BSX","Annual",2
"286",2021,"N1A","H",6,31,0.450661782165773,"conSME","B","S","X","BSX","Annual",3
"287",2022,"N1A","H",6,24,0.480079902681247,"conSME","B","S","X","BSX","Annual",4
"288",2023,"N1A","H",6,23,0.441703153198836,"conSME","B","S","X","BSX","Annual",5
"289",2018,"N1A","I",1,13,0.442791393934085,"conSME","X","X","I","XXI","Annual",0
"290",2019,"N1A","I",1,21,0.339453314688636,"conSME","X","X","I","XXI","Annual",1
"291",2020,"N1A","I",1,10,0.304529418974733,"conSME","X","X","I","XXI","Annual",2
"292",2021,"N1A","I",1,13,0.338625884974072,"conSME","X","X","I","XXI","Annual",3
"293",2022,"N1A","I",1,14,0.359686411060734,"conSME","X","X","I","XXI","Annual",4
"294",2023,"N1A","I",1,14,0.328247357658363,"conSME","X","X","I","XXI","Annual",5
"295",2018,"N1A","I",2,16,0.490953104838824,"conSME","X","S","I","XSI","Annual",0
"296",2019,"N1A","I",2,31,0.442533908523821,"conSME","X","S","I","XSI","Annual",1
"297",2020,"N1A","I",2,17,0.443982748193248,"conSME","X","S","I","XSI","Annual",2
"298",2021,"N1A","I",2,21,0.468507110317688,"conSME","X","S","I","XSI","Annual",3
"299",2022,"N1A","I",2,19,0.409341879047612,"conSME","X","S","I","XSI","Annual",4
"300",2023,"N1A","I",2,22,0.466352129845054,"conSME","X","S","I","XSI","Annual",5
"301",2018,"N1A","I",3,23,0.53941783188814,"conSME","B","S","I","BSI","Annual",0
"302",2019,"N1A","I",3,45,0.524964250614498,"conSME","B","S","I","BSI","Annual",1
"303",2020,"N1A","I",3,20,0.42028281388394,"conSME","B","S","I","BSI","Annual",2
"304",2021,"N1A","I",3,37,0.455261041817402,"conSME","B","S","I","BSI","Annual",3
"305",2022,"N1A","I",3,20,0.45609043142597,"conSME","B","S","I","BSI","Annual",4
"306",2023,"N1A","I",3,33,0.488523397992241,"conSME","B","S","I","BSI","Annual",5
"307",2018,"N1A","I",4,23,0.51204438753066,"conSME","X","X","X","XXX","Annual",0
"308",2019,"N1A","I",4,50,0.385925962825521,"conSME","X","X","X","XXX","Annual",1
"309",2020,"N1A","I",4,25,0.417344743345408,"conSME","X","X","X","XXX","Annual",2
"310",2021,"N1A","I",4,26,0.353689652604743,"conSME","X","X","X","XXX","Annual",3
"311",2022,"N1A","I",4,20,0.340635039099184,"conSME","X","X","X","XXX","Annual",4
"312",2023,"N1A","I",4,17,0.431551991764498,"conSME","X","X","X","XXX","Annual",5
"313",2018,"N1A","I",5,20,0.48496835424195,"conSME","X","S","X","XSX","Annual",0
"314",2019,"N1A","I",5,34,0.342075692333299,"conSME","X","S","X","XSX","Annual",1
"315",2020,"N1A","I",5,21,0.432478173729714,"conSME","X","S","X","XSX","Annual",2
"316",2021,"N1A","I",5,24,0.427925950794752,"conSME","X","S","X","XSX","Annual",3
"317",2022,"N1A","I",5,21,0.393884997685413,"conSME","X","S","X","XSX","Annual",4
"318",2023,"N1A","I",5,24,0.424916978161385,"conSME","X","S","X","XSX","Annual",5
"319",2018,"N1A","I",6,23,0.561281694116784,"conSME","B","S","X","BSX","Annual",0
"320",2019,"N1A","I",6,40,0.510293303875283,"conSME","B","S","X","BSX","Annual",1
"321",2020,"N1A","I",6,31,0.476616236761875,"conSME","B","S","X","BSX","Annual",2
"322",2021,"N1A","I",6,40,0.438754747452106,"conSME","B","S","X","BSX","Annual",3
"323",2022,"N1A","I",6,39,0.579332236977032,"conSME","B","S","X","BSX","Annual",4
"324",2023,"N1A","I",6,38,0.560376282372561,"conSME","B","S","X","BSX","Annual",5
"325",2018,"N4B","J",1,20,0.327441574231743,"conSME","X","X","I","XXI","4 Year",0
"326",2019,"N4B","J",1,13,0.471127689273518,"conSME","X","X","I","XXI","4 Year",1
"327",2020,"N4B","J",1,15,0.364035175198049,"conSME","X","X","I","XXI","4 Year",2
"328",2021,"N4B","J",1,13,0.363919486418603,"conSME","X","X","I","XXI","4 Year",3
"329",2022,"N4B","J",1,12,0.352296403872127,"conSME","X","X","I","XXI","4 Year",4
"330",2023,"N4B","J",1,19,0.337930629853888,"conSME","X","X","I","XXI","4 Year",5
"331",2018,"N4B","J",2,23,0.400903416391367,"conSME","X","S","I","XSI","4 Year",0
"332",2019,"N4B","J",2,24,0.421797379236599,"conSME","X","S","I","XSI","4 Year",1
"333",2020,"N4B","J",2,18,0.377967981543893,"conSME","X","S","I","XSI","4 Year",2
"334",2021,"N4B","J",2,17,0.417039707596878,"conSME","X","S","I","XSI","4 Year",3
"335",2022,"N4B","J",2,13,0.36890346191854,"conSME","X","S","I","XSI","4 Year",4
"336",2023,"N4B","J",2,19,0.449486532268298,"conSME","X","S","I","XSI","4 Year",5
"337",2018,"N4B","J",3,20,0.400122937480669,"conSME","B","S","I","BSI","4 Year",0
"338",2019,"N4B","J",3,25,0.499754106099798,"conSME","B","S","I","BSI","4 Year",1
"339",2020,"N4B","J",3,42,0.552463632142862,"conSME","B","S","I","BSI","4 Year",2
"340",2021,"N4B","J",3,36,0.499234418912448,"conSME","B","S","I","BSI","4 Year",3
"341",2022,"N4B","J",3,23,0.419209711898238,"conSME","B","S","I","BSI","4 Year",4
"342",2023,"N4B","J",3,22,0.463636669106856,"conSME","B","S","I","BSI","4 Year",5
"343",2018,"N4B","J",4,16,0.372777334861981,"conSME","X","X","X","XXX","4 Year",0
"344",2019,"N4B","J",4,26,0.489508800181735,"conSME","X","X","X","XXX","4 Year",1
"345",2020,"N4B","J",4,16,0.352002197673977,"conSME","X","X","X","XXX","4 Year",2
"346",2021,"N4B","J",4,16,0.436701576357252,"conSME","X","X","X","XXX","4 Year",3
"347",2022,"N4B","J",4,13,0.482691172820812,"conSME","X","X","X","XXX","4 Year",4
"348",2023,"N4B","J",4,15,0.488016795210338,"conSME","X","X","X","XXX","4 Year",5
"349",2018,"N4B","J",5,18,0.406794777490547,"conSME","X","S","X","XSX","4 Year",0
"350",2019,"N4B","J",5,26,0.455908239724948,"conSME","X","S","X","XSX","4 Year",1
"351",2020,"N4B","J",5,19,0.37924570879633,"conSME","X","S","X","XSX","4 Year",2
"352",2021,"N4B","J",5,15,0.389046677482131,"conSME","X","S","X","XSX","4 Year",3
"353",2022,"N4B","J",5,14,0.355861394233103,"conSME","X","S","X","XSX","4 Year",4
"354",2023,"N4B","J",5,15,0.430891534255931,"conSME","X","S","X","XSX","4 Year",5
"355",2018,"N4B","J",6,15,0.400791338029591,"conSME","B","S","X","BSX","4 Year",0
"356",2019,"N4B","J",6,22,0.431035903112141,"conSME","B","S","X","BSX","4 Year",1
"357",2020,"N4B","J",6,29,0.422894409896864,"conSME","B","S","X","BSX","4 Year",2
"358",2021,"N4B","J",6,25,0.413605487609497,"conSME","B","S","X","BSX","4 Year",3
"359",2022,"N4B","J",6,21,0.395233030483617,"conSME","B","S","X","BSX","4 Year",4
"360",2023,"N4B","J",6,17,0.462910608731274,"conSME","B","S","X","BSX","4 Year",5
"361",2018,"N4B","K",1,19,0.366894641862176,"conSME","X","X","I","XXI","4 Year",0
"362",2019,"N4B","K",1,19,0.374596981080476,"conSME","X","X","I","XXI","4 Year",1
"363",2020,"N4B","K",1,16,0.374664831814128,"conSME","X","X","I","XXI","4 Year",2
"364",2021,"N4B","K",1,15,0.295577990498245,"conSME","X","X","I","XXI","4 Year",3
"365",2022,"N4B","K",1,12,0.391749823962431,"conSME","X","X","I","XXI","4 Year",4
"366",2023,"N4B","K",1,13,0.411556348755637,"conSME","X","X","I","XXI","4 Year",5
"367",2018,"N4B","K",2,15,0.370955166029462,"conSME","X","S","I","XSI","4 Year",0
"368",2019,"N4B","K",2,16,0.358708078960434,"conSME","X","S","I","XSI","4 Year",1
"369",2020,"N4B","K",2,13,0.322461659479735,"conSME","X","S","I","XSI","4 Year",2
"370",2021,"N4B","K",2,16,0.364299788666392,"conSME","X","S","I","XSI","4 Year",3
"371",2022,"N4B","K",2,9,0.257873269498,"conSME","X","S","I","XSI","4 Year",4
"372",2023,"N4B","K",2,11,0.305426464198152,"conSME","X","S","I","XSI","4 Year",5
"373",2018,"N4B","K",3,13,0.337239649535747,"conSME","B","S","I","BSI","4 Year",0
"374",2019,"N4B","K",3,13,0.3984747465846,"conSME","B","S","I","BSI","4 Year",1
"375",2020,"N4B","K",3,16,0.377617097552878,"conSME","B","S","I","BSI","4 Year",2
"376",2021,"N4B","K",3,20,0.290511527673492,"conSME","B","S","I","BSI","4 Year",3
"377",2022,"N4B","K",3,19,0.408724140134664,"conSME","B","S","I","BSI","4 Year",4
"378",2023,"N4B","K",3,18,0.383437707269214,"conSME","B","S","I","BSI","4 Year",5
"379",2018,"N4B","K",4,17,0.38213185469608,"conSME","X","X","X","XXX","4 Year",0
"380",2019,"N4B","K",4,17,0.372137395435907,"conSME","X","X","X","XXX","4 Year",1
"381",2020,"N4B","K",4,14,0.368785829027033,"conSME","X","X","X","XXX","4 Year",2
"382",2021,"N4B","K",4,18,0.431196084453048,"conSME","X","X","X","XXX","4 Year",3
"383",2022,"N4B","K",4,16,0.287526157710266,"conSME","X","X","X","XXX","4 Year",4
"384",2023,"N4B","K",4,17,0.361270487558207,"conSME","X","X","X","XXX","4 Year",5
"385",2018,"N4B","K",5,17,0.353487873750912,"conSME","X","S","X","XSX","4 Year",0
"386",2019,"N4B","K",5,17,0.374594942894212,"conSME","X","S","X","XSX","4 Year",1
"387",2020,"N4B","K",5,16,0.335202900303121,"conSME","X","S","X","XSX","4 Year",2
"388",2021,"N4B","K",5,17,0.322881414738284,"conSME","X","S","X","XSX","4 Year",3
"389",2022,"N4B","K",5,12,0.273129192301679,"conSME","X","S","X","XSX","4 Year",4
"390",2023,"N4B","K",5,15,0.305756995862813,"conSME","X","S","X","XSX","4 Year",5
"391",2018,"N4B","K",6,17,0.371792404182026,"conSME","B","S","X","BSX","4 Year",0
"392",2019,"N4B","K",6,16,0.445059093841349,"conSME","B","S","X","BSX","4 Year",1
"393",2020,"N4B","K",6,21,0.384802011510627,"conSME","B","S","X","BSX","4 Year",2
"394",2021,"N4B","K",6,26,0.483601277051012,"conSME","B","S","X","BSX","4 Year",3
"395",2022,"N4B","K",6,17,0.348425065027345,"conSME","B","S","X","BSX","4 Year",4
"396",2023,"N4B","K",6,14,0.360383038004877,"conSME","B","S","X","BSX","4 Year",5
"397",2018,"N4B","L",1,19,0.385800994095743,"conSME","X","X","I","XXI","4 Year",0
"398",2019,"N4B","L",1,19,0.392450193180314,"conSME","X","X","I","XXI","4 Year",1
"399",2020,"N4B","L",1,14,0.402654231867659,"conSME","X","X","I","XXI","4 Year",2
"400",2021,"N4B","L",1,12,0.288207495984745,"conSME","X","X","I","XXI","4 Year",3
"401",2022,"N4B","L",1,14,0.314354796887416,"conSME","X","X","I","XXI","4 Year",4
"402",2023,"N4B","L",1,13,0.374576529039673,"conSME","X","X","I","XXI","4 Year",5
"403",2018,"N4B","L",2,16,0.416876748202866,"conSME","X","S","I","XSI","4 Year",0
"404",2019,"N4B","L",2,23,0.44963909779495,"conSME","X","S","I","XSI","4 Year",1
"405",2020,"N4B","L",2,19,0.401347564476444,"conSME","X","S","I","XSI","4 Year",2
"406",2021,"N4B","L",2,18,0.417177480793544,"conSME","X","S","I","XSI","4 Year",3
"407",2022,"N4B","L",2,15,0.389475536298083,"conSME","X","S","I","XSI","4 Year",4
"408",2023,"N4B","L",2,15,0.370182120826679,"conSME","X","S","I","XSI","4 Year",5
"409",2018,"N4B","L",3,16,0.282676723363054,"conSME","B","S","I","BSI","4 Year",0
"410",2019,"N4B","L",3,23,0.381343607840772,"conSME","B","S","I","BSI","4 Year",1
"411",2020,"N4B","L",3,18,0.38963647389019,"conSME","B","S","I","BSI","4 Year",2
"412",2021,"N4B","L",3,25,0.50872324170348,"conSME","B","S","I","BSI","4 Year",3
"413",2022,"N4B","L",3,25,0.439062299981328,"conSME","B","S","I","BSI","4 Year",4
"414",2023,"N4B","L",3,18,0.455755090547582,"conSME","B","S","I","BSI","4 Year",5
"415",2018,"N4B","L",4,10,0.331007523063657,"conSME","X","X","X","XXX","4 Year",0
"416",2020,"N4B","L",4,11,0.350222541462792,"conSME","X","X","X","XXX","4 Year",2
"417",2021,"N4B","L",4,11,0.266853792012732,"conSME","X","X","X","XXX","4 Year",3
"418",2022,"N4B","L",4,11,0.329124393386704,"conSME","X","X","X","XXX","4 Year",4
"419",2023,"N4B","L",4,12,0.330596801815076,"conSME","X","X","X","XXX","4 Year",5
"420",2018,"N4B","L",5,17,0.439572694028451,"conSME","X","S","X","XSX","4 Year",0
"421",2019,"N4B","L",5,19,0.387209149535069,"conSME","X","S","X","XSX","4 Year",1
"422",2020,"N4B","L",5,21,0.403118171060697,"conSME","X","S","X","XSX","4 Year",2
"423",2021,"N4B","L",5,16,0.315272988959864,"conSME","X","S","X","XSX","4 Year",3
"424",2022,"N4B","L",5,13,0.41410731420728,"conSME","X","S","X","XSX","4 Year",4
"425",2023,"N4B","L",5,17,0.334594840542751,"conSME","X","S","X","XSX","4 Year",5
"426",2018,"N4B","L",6,17,0.396947837351286,"conSME","B","S","X","BSX","4 Year",0
"427",2019,"N4B","L",6,18,0.456549190450661,"conSME","B","S","X","BSX","4 Year",1
"428",2020,"N4B","L",6,20,0.432648836811932,"conSME","B","S","X","BSX","4 Year",2
"429",2021,"N4B","L",6,25,0.475022045023973,"conSME","B","S","X","BSX","4 Year",3
"430",2022,"N4B","L",6,19,0.438618968452103,"conSME","B","S","X","BSX","4 Year",4
"431",2023,"N4B","L",6,16,0.374363667232619,"conSME","B","S","X","BSX","4 Year",5
"432",2018,"N4B","M",1,15,0.325369828670478,"conSME","X","X","I","XXI","4 Year",0
"433",2019,"N4B","M",1,21,0.382643419831389,"conSME","X","X","I","XXI","4 Year",1
"434",2020,"N4B","M",1,12,0.301564599285792,"conSME","X","X","I","XXI","4 Year",2
"435",2021,"N4B","M",1,14,0.348505598399379,"conSME","X","X","I","XXI","4 Year",3
"436",2022,"N4B","M",1,15,0.358178729623017,"conSME","X","X","I","XXI","4 Year",4
"437",2023,"N4B","M",1,16,0.389046018229494,"conSME","X","X","I","XXI","4 Year",5
"438",2018,"N4B","M",2,13,0.309788060284007,"conSME","X","S","I","XSI","4 Year",0
"439",2019,"N4B","M",2,17,0.322774613435797,"conSME","X","S","I","XSI","4 Year",1
"440",2020,"N4B","M",2,12,0.293665602879181,"conSME","X","S","I","XSI","4 Year",2
"441",2021,"N4B","M",2,9,0.250575750252131,"conSME","X","S","I","XSI","4 Year",3
"442",2022,"N4B","M",2,12,0.27879970867381,"conSME","X","S","I","XSI","4 Year",4
"443",2023,"N4B","M",2,15,0.327567829173702,"conSME","X","S","I","XSI","4 Year",5
"444",2018,"N4B","M",3,20,0.411923821843397,"conSME","B","S","I","BSI","4 Year",0
"445",2019,"N4B","M",3,19,0.428691908249104,"conSME","B","S","I","BSI","4 Year",1
"446",2020,"N4B","M",3,23,0.428333022778551,"conSME","B","S","I","BSI","4 Year",2
"447",2021,"N4B","M",3,24,0.490088285919069,"conSME","B","S","I","BSI","4 Year",3
"448",2022,"N4B","M",3,15,0.318550761450869,"conSME","B","S","I","BSI","4 Year",4
"449",2023,"N4B","M",3,18,0.356597870250101,"conSME","B","S","I","BSI","4 Year",5
"450",2018,"N4B","M",4,19,0.364810999559784,"conSME","X","X","X","XXX","4 Year",0
"451",2019,"N4B","M",4,27,0.452024912011119,"conSME","X","X","X","XXX","4 Year",1
"452",2020,"N4B","M",4,14,0.309232963405955,"conSME","X","X","X","XXX","4 Year",2
"453",2021,"N4B","M",4,17,0.40690576516712,"conSME","X","X","X","XXX","4 Year",3
"454",2022,"N4B","M",4,18,0.388699953465432,"conSME","X","X","X","XXX","4 Year",4
"455",2023,"N4B","M",4,24,0.397478019934719,"conSME","X","X","X","XXX","4 Year",5
"456",2018,"N4B","M",5,22,0.433349422073331,"conSME","X","S","X","XSX","4 Year",0
"457",2019,"N4B","M",5,28,0.454246277456376,"conSME","X","S","X","XSX","4 Year",1
"458",2020,"N4B","M",5,17,0.304597936712165,"conSME","X","S","X","XSX","4 Year",2
"459",2021,"N4B","M",5,16,0.327268097211261,"conSME","X","S","X","XSX","4 Year",3
"460",2022,"N4B","M",5,10,0.283956200005172,"conSME","X","S","X","XSX","4 Year",4
"461",2023,"N4B","M",5,13,0.346012779586106,"conSME","X","S","X","XSX","4 Year",5
"462",2018,"N4B","M",6,24,0.433372956549955,"conSME","B","S","X","BSX","4 Year",0
"463",2019,"N4B","M",6,28,0.548871948433301,"conSME","B","S","X","BSX","4 Year",1
"464",2020,"N4B","M",6,28,0.457827057820709,"conSME","B","S","X","BSX","4 Year",2
"465",2021,"N4B","M",6,31,0.419001436407844,"conSME","B","S","X","BSX","4 Year",3
"466",2022,"N4B","M",6,22,0.441270218410858,"conSME","B","S","X","BSX","4 Year",4
"467",2023,"N4B","M",6,26,0.42652133923399,"conSME","B","S","X","BSX","4 Year",5
"468",2018,"N4B","N",1,23,0.450571777626079,"conSME","X","X","I","XXI","4 Year",0
"469",2019,"N4B","N",1,26,0.43986502871085,"conSME","X","X","I","XXI","4 Year",1
"470",2020,"N4B","N",1,18,0.432309519301235,"conSME","X","X","I","XXI","4 Year",2
"471",2021,"N4B","N",1,20,0.484575987728795,"conSME","X","X","I","XXI","4 Year",3
"472",2022,"N4B","N",1,19,0.421473504124615,"conSME","X","X","I","XXI","4 Year",4
"473",2023,"N4B","N",1,18,0.355278977932957,"conSME","X","X","I","XXI","4 Year",5
"474",2018,"N4B","N",2,19,0.3855048929253,"conSME","X","S","I","XSI","4 Year",0
"475",2019,"N4B","N",2,26,0.414503612699826,"conSME","X","S","I","XSI","4 Year",1
"476",2020,"N4B","N",2,18,0.379677001387815,"conSME","X","S","I","XSI","4 Year",2
"477",2021,"N4B","N",2,15,0.332945578462115,"conSME","X","S","I","XSI","4 Year",3
"478",2022,"N4B","N",2,12,0.312967104665092,"conSME","X","S","I","XSI","4 Year",4
"479",2023,"N4B","N",2,19,0.320067961185125,"conSME","X","S","I","XSI","4 Year",5
"480",2018,"N4B","N",3,17,0.32801212077115,"conSME","B","S","I","BSI","4 Year",0
"481",2019,"N4B","N",3,26,0.487942183290273,"conSME","B","S","I","BSI","4 Year",1
"482",2020,"N4B","N",3,32,0.469789901981786,"conSME","B","S","I","BSI","4 Year",2
"483",2021,"N4B","N",3,22,0.403116050038597,"conSME","B","S","I","BSI","4 Year",3
"484",2022,"N4B","N",3,18,0.376218496657837,"conSME","B","S","I","BSI","4 Year",4
"485",2023,"N4B","N",3,19,0.385913701125657,"conSME","B","S","I","BSI","4 Year",5
"486",2018,"N4B","N",4,18,0.327908494886481,"conSME","X","X","X","XXX","4 Year",0
"487",2019,"N4B","N",4,22,0.361850903609458,"conSME","X","X","X","XXX","4 Year",1
"488",2020,"N4B","N",4,14,0.342081331096638,"conSME","X","X","X","XXX","4 Year",2
"489",2021,"N4B","N",4,15,0.360000233125213,"conSME","X","X","X","XXX","4 Year",3
"490",2022,"N4B","N",4,17,0.367850042896133,"conSME","X","X","X","XXX","4 Year",4
"491",2023,"N4B","N",4,19,0.331270399192259,"conSME","X","X","X","XXX","4 Year",5
"492",2018,"N4B","N",5,15,0.396128840495044,"conSME","X","S","X","XSX","4 Year",0
"493",2019,"N4B","N",5,22,0.417749633019933,"conSME","X","S","X","XSX","4 Year",1
"494",2020,"N4B","N",5,14,0.321969551738787,"conSME","X","S","X","XSX","4 Year",2
"495",2021,"N4B","N",5,12,0.318256124373801,"conSME","X","S","X","XSX","4 Year",3
"496",2022,"N4B","N",5,14,0.3426981885917,"conSME","X","S","X","XSX","4 Year",4
"497",2023,"N4B","N",5,15,0.425591894571569,"conSME","X","S","X","XSX","4 Year",5
"498",2018,"N4B","N",6,22,0.414244870493783,"conSME","B","S","X","BSX","4 Year",0
"499",2019,"N4B","N",6,28,0.517597966102198,"conSME","B","S","X","BSX","4 Year",1
"500",2020,"N4B","N",6,31,0.509151623754951,"conSME","B","S","X","BSX","4 Year",2
"501",2021,"N4B","N",6,33,0.52010648001525,"conSME","B","S","X","BSX","4 Year",3
"502",2022,"N4B","N",6,27,0.427925259909126,"conSME","B","S","X","BSX","4 Year",4
"503",2023,"N4B","N",6,24,0.440754060197497,"conSME","B","S","X","BSX","4 Year",5
"504",2018,"N4B","O",1,15,0.348671938156421,"conSME","X","X","I","XXI","4 Year",0
"505",2019,"N4B","O",1,15,0.328848195730536,"conSME","X","X","I","XXI","4 Year",1
"506",2020,"N4B","O",1,12,0.315565986976994,"conSME","X","X","I","XXI","4 Year",2
"507",2021,"N4B","O",1,11,0.298970082724831,"conSME","X","X","I","XXI","4 Year",3
"508",2022,"N4B","O",1,9,0.286257821177,"conSME","X","X","I","XXI","4 Year",4
"509",2023,"N4B","O",1,13,0.310034988141317,"conSME","X","X","I","XXI","4 Year",5
"510",2018,"N4B","O",2,13,0.307120060287133,"conSME","X","S","I","XSI","4 Year",0
"511",2019,"N4B","O",2,17,0.412364373013643,"conSME","X","S","I","XSI","4 Year",1
"512",2020,"N4B","O",2,13,0.324494213016907,"conSME","X","S","I","XSI","4 Year",2
"513",2021,"N4B","O",2,13,0.340099447690087,"conSME","X","S","I","XSI","4 Year",3
"514",2022,"N4B","O",2,10,0.266562495029071,"conSME","X","S","I","XSI","4 Year",4
"515",2023,"N4B","O",2,12,0.305385633154988,"conSME","X","S","I","XSI","4 Year",5
"516",2018,"N4B","O",3,18,0.433162421410714,"conSME","B","S","I","BSI","4 Year",0
"517",2019,"N4B","O",3,20,0.505390965225527,"conSME","B","S","I","BSI","4 Year",1
"518",2020,"N4B","O",3,20,0.512674385136976,"conSME","B","S","I","BSI","4 Year",2
"519",2021,"N4B","O",3,27,0.415079694760012,"conSME","B","S","I","BSI","4 Year",3
"520",2022,"N4B","O",3,23,0.456978247037569,"conSME","B","S","I","BSI","4 Year",4
"521",2023,"N4B","O",3,18,0.383607201476344,"conSME","B","S","I","BSI","4 Year",5
"522",2018,"N4B","O",4,16,0.348099250933577,"conSME","X","X","X","XXX","4 Year",0
"523",2019,"N4B","O",4,23,0.382985855843192,"conSME","X","X","X","XXX","4 Year",1
"524",2020,"N4B","O",4,15,0.355614147103258,"conSME","X","X","X","XXX","4 Year",2
"525",2021,"N4B","O",4,13,0.370837851758662,"conSME","X","X","X","XXX","4 Year",3
"526",2022,"N4B","O",4,13,0.328067736633959,"conSME","X","X","X","XXX","4 Year",4
"527",2023,"N4B","O",4,19,0.362852187365583,"conSME","X","X","X","XXX","4 Year",5
"528",2018,"N4B","O",5,16,0.363232530556102,"conSME","X","S","X","XSX","4 Year",0
"529",2019,"N4B","O",5,13,0.450562059006804,"conSME","X","S","X","XSX","4 Year",1
"530",2020,"N4B","O",5,17,0.352418374452534,"conSME","X","S","X","XSX","4 Year",2
"531",2021,"N4B","O",5,12,0.264490739126345,"conSME","X","S","X","XSX","4 Year",3
"532",2022,"N4B","O",5,10,0.30657751892679,"conSME","X","S","X","XSX","4 Year",4
"533",2023,"N4B","O",5,13,0.285600520430438,"conSME","X","S","X","XSX","4 Year",5
"534",2018,"N4B","O",6,16,0.417419001056135,"conSME","B","S","X","BSX","4 Year",0
"535",2019,"N4B","O",6,17,0.400797647805978,"conSME","B","S","X","BSX","4 Year",1
"536",2020,"N4B","O",6,20,0.477493953772015,"conSME","B","S","X","BSX","4 Year",2
"537",2021,"N4B","O",6,31,0.50211148338809,"conSME","B","S","X","BSX","4 Year",3
"538",2022,"N4B","O",6,23,0.399847113009083,"conSME","B","S","X","BSX","4 Year",4
"539",2023,"N4B","O",6,20,0.448549762026596,"conSME","B","S","X","BSX","4 Year",5
"540",2018,"N4B","P",1,17,0.34211638669713,"conSME","X","X","X","XXX","4 Year",0
"541",2019,"N4B","P",1,23,0.393383403408412,"conSME","X","X","X","XXX","4 Year",1
"542",2020,"N4B","P",1,16,0.383018811169217,"conSME","X","X","X","XXX","4 Year",2
"543",2022,"N4B","P",1,15,0.366052827157113,"conSME","X","X","X","XXX","4 Year",4
"544",2023,"N4B","P",1,18,0.319872306782751,"conSME","X","X","X","XXX","4 Year",5
"545",2018,"N4B","P",2,16,0.346162790505684,"conSME","X","S","X","XSX","4 Year",0
"546",2019,"N4B","P",2,19,0.304193052137672,"conSME","X","S","X","XSX","4 Year",1
"547",2020,"N4B","P",2,12,0.318423812271829,"conSME","X","S","X","XSX","4 Year",2
"548",2021,"N4B","P",2,14,0.361612262201293,"conSME","X","S","X","XSX","4 Year",3
"549",2022,"N4B","P",2,14,0.397066930410424,"conSME","X","S","X","XSX","4 Year",4
"550",2023,"N4B","P",2,13,0.314972250271182,"conSME","X","S","X","XSX","4 Year",5
"551",2018,"N4B","P",3,18,0.377343625455005,"conSME","B","S","X","BSX","4 Year",0
"552",2019,"N4B","P",3,19,0.415813777082564,"conSME","B","S","X","BSX","4 Year",1
"553",2020,"N4B","P",3,26,0.434235506983569,"conSME","B","S","X","BSX","4 Year",2
"554",2021,"N4B","P",3,25,0.39499485178162,"conSME","B","S","X","BSX","4 Year",3
"555",2022,"N4B","P",3,20,0.351934723328191,"conSME","B","S","X","BSX","4 Year",4
"556",2023,"N4B","P",3,23,0.440909532698525,"conSME","B","S","X","BSX","4 Year",5
"557",2018,"N4B","P",4,16,0.380535189689495,"conSME","X","X","I","XXI","4 Year",0
"558",2019,"N4B","P",4,18,0.40070145449901,"conSME","X","X","I","XXI","4 Year",1
"559",2020,"N4B","P",4,10,0.324622801800906,"conSME","X","X","I","XXI","4 Year",2
"560",2022,"N4B","P",4,12,0.319725944030066,"conSME","X","X","I","XXI","4 Year",4
"561",2023,"N4B","P",4,15,0.354213833634237,"conSME","X","X","I","XXI","4 Year",5
"562",2018,"N4B","P",5,19,0.381390609978932,"conSME","X","S","I","XSI","4 Year",0
"563",2019,"N4B","P",5,18,0.344437288765086,"conSME","X","S","I","XSI","4 Year",1
"564",2020,"N4B","P",5,12,0.326461976450511,"conSME","X","S","I","XSI","4 Year",2
"565",2021,"N4B","P",5,10,0.298624991798597,"conSME","X","S","I","XSI","4 Year",3
"566",2022,"N4B","P",5,12,0.349974332297306,"conSME","X","S","I","XSI","4 Year",4
"567",2023,"N4B","P",5,14,0.387193869428713,"conSME","X","S","I","XSI","4 Year",5
"568",2018,"N4B","P",6,16,0.420859414024249,"conSME","B","S","I","BSI","4 Year",0
"569",2019,"N4B","P",6,18,0.40523350622857,"conSME","B","S","I","BSI","4 Year",1
"570",2020,"N4B","P",6,21,0.479253477588523,"conSME","B","S","I","BSI","4 Year",2
"571",2022,"N4B","P",6,19,0.401608987120158,"conSME","B","S","I","BSI","4 Year",4
"572",2023,"N4B","P",6,17,0.361931585573507,"conSME","B","S","I","BSI","4 Year",5
"573",2018,"N4B","Q",1,23,0.39828870534094,"conSME","X","X","X","XXX","4 Year",0
"574",2019,"N4B","Q",1,25,0.38105733112195,"conSME","X","X","X","XXX","4 Year",1
"575",2020,"N4B","Q",1,21,0.396088207840302,"conSME","X","X","X","XXX","4 Year",2
"576",2021,"N4B","Q",1,17,0.356062642385793,"conSME","X","X","X","XXX","4 Year",3
"577",2022,"N4B","Q",1,17,0.35521086407066,"conSME","X","X","X","XXX","4 Year",4
"578",2023,"N4B","Q",1,19,0.411471238146941,"conSME","X","X","X","XXX","4 Year",5
"579",2018,"N4B","Q",2,14,0.387501352986042,"conSME","X","S","X","XSX","4 Year",0
"580",2019,"N4B","Q",2,20,0.4628735952914,"conSME","X","S","X","XSX","4 Year",1
"581",2020,"N4B","Q",2,17,0.388768485385883,"conSME","X","S","X","XSX","4 Year",2
"582",2021,"N4B","Q",2,15,0.341842187747433,"conSME","X","S","X","XSX","4 Year",3
"583",2022,"N4B","Q",2,11,0.302456602623581,"conSME","X","S","X","XSX","4 Year",4
"584",2023,"N4B","Q",2,17,0.348306164777921,"conSME","X","S","X","XSX","4 Year",5
"585",2018,"N4B","Q",3,14,0.325494576616002,"conSME","B","S","X","BSX","4 Year",0
"586",2019,"N4B","Q",3,13,0.35847797147157,"conSME","B","S","X","BSX","4 Year",1
"587",2020,"N4B","Q",3,22,0.394926793147192,"conSME","B","S","X","BSX","4 Year",2
"588",2021,"N4B","Q",3,26,0.355469074054464,"conSME","B","S","X","BSX","4 Year",3
"589",2022,"N4B","Q",3,16,0.314097157900576,"conSME","B","S","X","BSX","4 Year",4
"590",2023,"N4B","Q",3,15,0.333718081887555,"conSME","B","S","X","BSX","4 Year",5
"591",2018,"N4B","Q",4,20,0.379510094513585,"conSME","X","X","I","XXI","4 Year",0
"592",2019,"N4B","Q",4,22,0.40340559990244,"conSME","X","X","I","XXI","4 Year",1
"593",2020,"N4B","Q",4,17,0.371019897253465,"conSME","X","X","I","XXI","4 Year",2
"594",2021,"N4B","Q",4,18,0.43251250206089,"conSME","X","X","I","XXI","4 Year",3
"595",2022,"N4B","Q",4,16,0.415713953567601,"conSME","X","X","I","XXI","4 Year",4
"596",2023,"N4B","Q",4,19,0.435008781588956,"conSME","X","X","I","XXI","4 Year",5
"597",2018,"N4B","Q",5,16,0.305556844944713,"conSME","X","S","I","XSI","4 Year",0
"598",2019,"N4B","Q",5,15,0.298563488357887,"conSME","X","S","I","XSI","4 Year",1
"599",2020,"N4B","Q",5,11,0.305316386891003,"conSME","X","S","I","XSI","4 Year",2
"600",2021,"N4B","Q",5,8,0.396772750319635,"conSME","X","S","I","XSI","4 Year",3
"601",2022,"N4B","Q",5,11,0.425664001868736,"conSME","X","S","I","XSI","4 Year",4
"602",2023,"N4B","Q",5,13,0.313590459015169,"conSME","X","S","I","XSI","4 Year",5
"603",2018,"N4B","Q",6,22,0.42060376653215,"conSME","B","S","I","BSI","4 Year",0
"604",2019,"N4B","Q",6,21,0.447458122184021,"conSME","B","S","I","BSI","4 Year",1
"605",2020,"N4B","Q",6,24,0.402045012175175,"conSME","B","S","I","BSI","4 Year",2
"606",2021,"N4B","Q",6,23,0.371062804374509,"conSME","B","S","I","BSI","4 Year",3
"607",2022,"N4B","Q",6,19,0.398855108729494,"conSME","B","S","I","BSI","4 Year",4
"608",2023,"N4B","Q",6,23,0.421801958774045,"conSME","B","S","I","BSI","4 Year",5
"609",2018,"N4B","R",1,17,0.414542527015889,"conSME","X","X","I","XXI","4 Year",0
"610",2019,"N4B","R",1,18,0.440533582171455,"conSME","X","X","I","XXI","4 Year",1
"611",2020,"N4B","R",1,17,0.372326162388931,"conSME","X","X","I","XXI","4 Year",2
"612",2021,"N4B","R",1,14,0.346431339410099,"conSME","X","X","I","XXI","4 Year",3
"613",2022,"N4B","R",1,14,0.337982923227104,"conSME","X","X","I","XXI","4 Year",4
"614",2023,"N4B","R",1,17,0.41892428939376,"conSME","X","X","I","XXI","4 Year",5
"615",2018,"N4B","R",2,16,0.43304887477393,"conSME","X","S","I","XSI","4 Year",0
"616",2019,"N4B","R",2,18,0.468846261706481,"conSME","X","S","I","XSI","4 Year",1
"617",2020,"N4B","R",2,17,0.394566325013269,"conSME","X","S","I","XSI","4 Year",2
"618",2021,"N4B","R",2,13,0.334209761463329,"conSME","X","S","I","XSI","4 Year",3
"619",2022,"N4B","R",2,10,0.340533069394856,"conSME","X","S","I","XSI","4 Year",4
"620",2023,"N4B","R",2,13,0.337516559352763,"conSME","X","S","I","XSI","4 Year",5
"621",2018,"N4B","R",3,15,0.433777143256727,"conSME","B","S","I","BSI","4 Year",0
"622",2019,"N4B","R",3,16,0.399562615029283,"conSME","B","S","I","BSI","4 Year",1
"623",2020,"N4B","R",3,14,0.47951089841511,"conSME","B","S","I","BSI","4 Year",2
"624",2021,"N4B","R",3,19,0.47922651350646,"conSME","B","S","I","BSI","4 Year",3
"625",2022,"N4B","R",3,18,0.410363969811263,"conSME","B","S","I","BSI","4 Year",4
"626",2023,"N4B","R",3,11,0.322104716250641,"conSME","B","S","I","BSI","4 Year",5
"627",2018,"N4B","R",4,16,0.379484635035771,"conSME","X","X","X","XXX","4 Year",0
"628",2019,"N4B","R",4,20,0.336995309554171,"conSME","X","X","X","XXX","4 Year",1
"629",2020,"N4B","R",4,13,0.344566486654988,"conSME","X","X","X","XXX","4 Year",2
"630",2021,"N4B","R",4,13,0.365242487752181,"conSME","X","X","X","XXX","4 Year",3
"631",2022,"N4B","R",4,12,0.358619015110061,"conSME","X","X","X","XXX","4 Year",4
"632",2023,"N4B","R",4,15,0.363344668539522,"conSME","X","X","X","XXX","4 Year",5
"633",2018,"N4B","R",5,15,0.333695639508175,"conSME","X","S","X","XSX","4 Year",0
"634",2019,"N4B","R",5,22,0.372923976839078,"conSME","X","S","X","XSX","4 Year",1
"635",2020,"N4B","R",5,18,0.352178204206363,"conSME","X","S","X","XSX","4 Year",2
"636",2021,"N4B","R",5,16,0.303209453104181,"conSME","X","S","X","XSX","4 Year",3
"637",2022,"N4B","R",5,15,0.371845735067179,"conSME","X","S","X","XSX","4 Year",4
"638",2023,"N4B","R",5,12,0.363424147889272,"conSME","X","S","X","XSX","4 Year",5
"639",2018,"N4B","R",6,12,0.377843827181408,"conSME","B","S","X","BSX","4 Year",0
"640",2019,"N4B","R",6,13,0.37409182697187,"conSME","B","S","X","BSX","4 Year",1
"641",2020,"N4B","R",6,18,0.520216011644433,"conSME","B","S","X","BSX","4 Year",2
"642",2021,"N4B","R",6,21,0.531240094178926,"conSME","B","S","X","BSX","4 Year",3
"643",2022,"N4B","R",6,16,0.474314952460805,"conSME","B","S","X","BSX","4 Year",4
"644",2023,"N4B","R",6,18,0.431567113473077,"conSME","B","S","X","BSX","4 Year",5
